code,iso,country,EPI.current,HLT.current,AIR.current,H2O.current,HMT.current,ECO.current,BDH.current,FRT.current,FSH.current,CCE.current,APE.current,WRS.current,AGR.current,HAD.current,PME.current,PMW.current,USD.current,UWD.current,PBD.current,MPA.current,TBN.current,TBG.current,SPI.current,PAR.current,SHI.current,TCL.current,FSS.current,MTR.current,DCT.current,DPT.current,DMT.current,DNT.current,DBT.current,DST.current,DXT.current,WWT.current,SNM.current
4,AFG,Afghanistan,37.74,36.76,44.67,25.75,0,38.4,13.44,99.07,,33.04,91.44,0,44.77,0,71.78,77.11,24.88,26.62,0,,0.61,1.26,3.07,7,90.6,99.07,,,23.47,,53.62,50.1,67.66,82.88,100,0,44.77
8,ALB,Albania,65.46,65.67,65.47,66.56,62.89,65.32,75.37,23.36,58.25,68.36,86.07,80.73,22.61,30.95,88.9,88.08,67.15,65.97,62.89,86.85,94.46,94.07,32.09,56.94,81.81,23.36,54.73,61.77,53.77,100,73.3,63.65,72.61,83.25,88.9,80.73,22.61
12,DZA,Algeria,57.18,80.95,93.98,60.26,35.6,41.34,49.33,9.96,44.39,26.94,46.15,91.6,34.26,87.42,100,96.72,64.36,56.17,35.6,57.46,43.41,46.6,53.93,10.06,80.45,9.96,28.21,60.58,17.14,46.35,37.76,23.99,6.93,83.63,8.68,91.6,34.26
24,AGO,Angola,37.44,33.79,44.66,9.2,40.08,39.88,39.19,21.76,63.2,48.86,57.92,0,22.7,14.77,60.72,68.46,9.42,8.99,40.08,23.48,34.14,37.07,34.63,45.09,88.18,21.76,88.05,38.35,55,40.18,36.11,63.78,58.16,59.85,55.99,0,22.7
28,ATG,Antigua and Barbuda,59.18,76.53,89.13,53.33,52.04,47.61,88.49,,58.51,11.26,46.94,64.44,7.26,72.82,100,100,54.69,51.96,52.04,70.01,100,100,,79.39,,,57.88,59.13,0,,22.94,85.88,47.5,46.86,47.03,64.44,7.26
32,ARG,Argentina,59.3,79.88,84.57,73.07,59.78,45.58,55.64,7.51,42.26,46.65,19.51,72.13,70.69,65.25,100,94.9,76.24,69.9,59.78,89.14,43.46,55.09,44.35,23.41,68.93,7.51,18.56,65.95,38.63,22.41,80.79,70.48,63.43,0.07,38.95,72.13,70.69
51,ARM,Armenia,62.07,56.85,53.55,61.94,69.06,65.56,79.57,73.6,,49.82,66.93,84.51,33.19,36.71,60.04,69.52,58.86,65.02,69.06,,99.99,100,58.27,27.75,92.27,73.6,,,47.73,49.82,50.83,52.35,64.18,97.85,36,84.51,33.19
36,AUS,Australia,74.12,97.95,100,98.44,68.34,58.23,84.64,10.54,58.48,48.18,38.85,99.44,37.79,100,100,100,100,96.88,68.34,100,83.66,77.19,89.41,58.72,87.12,10.54,16.96,100,48.06,45.12,49.6,44.46,59.69,35.8,41.89,99.44,37.79
40,AUT,Austria,78.97,86.38,82.21,94.63,91.08,74.03,91.69,27.6,,62.79,86.31,99.08,71.34,86.88,77.05,81.13,90.4,98.85,91.08,,100,100,77.44,94.06,84.54,27.6,,,49.89,65.06,99,49.55,51.13,92.29,80.33,99.08,71.34
31,AZE,Azerbaijan,62.33,48.55,47.44,48.53,63.09,71.52,63.15,74.2,,73.44,95.36,76.03,39.76,30.57,53.14,64.22,45.77,51.28,63.09,,50.68,61.95,83.61,16.85,95.91,74.2,,,99.99,37.47,31.35,93.74,100,93.51,97.21,76.03,39.76
44,BHS,Bahamas,54.99,73.68,84.19,55.4,46.81,42.52,86.22,16.44,58.04,18.76,10.6,64.44,7.72,60.47,100,100,57.13,53.67,46.81,78.71,99.41,99.42,65.69,76.36,99.39,16.44,67.96,48.12,0,,63.15,98.53,24.02,16.38,4.82,64.44,7.72
48,BHR,Bahrain,55.15,65.28,67.81,63.06,45.62,48.41,33.26,,45.54,44.31,59.38,96.54,36.22,73.54,62.48,65.5,66.5,59.62,45.62,83.47,15.84,15.84,,2.53,,,70.67,20.4,29.21,35.85,63,100,98.66,84.45,34.32,96.54,36.22
50,BGD,Bangladesh,29.56,11.96,4.12,28.47,14.72,41.29,53.58,12.13,66.86,46.95,40.22,0,37.82,10.31,0,0,28.02,28.92,14.72,94.02,19.35,81.37,23.58,6.54,92.57,12.13,98.13,35.58,44.11,31.44,65.32,64.09,46.83,52.91,27.53,0,37.82
52,BRB,Barbados,55.76,84.73,100,55.64,60.69,36.45,27.14,,46.76,34.57,40.21,64.44,10.23,100,100,100,56.35,54.93,60.69,45.6,6.08,6.08,,74.46,,,42.52,51,32.8,,30.46,58.11,52.2,43.66,36.77,64.44,10.23
112,BLR,Belarus,64.98,69.55,69.71,68.66,72.8,61.94,65.61,15.34,,64.73,72.33,97.54,28.1,68.5,69.55,71.47,66.13,71.2,72.8,,62.03,62.03,72.6,40.37,91.21,15.34,,,73.1,39.38,70.2,74.98,50.24,72.06,72.6,97.54,28.1
56,BEL,Belgium,77.38,89.37,88.63,96.09,58.6,69.39,95.7,15.61,46.69,63.81,79.02,98.08,47.61,96.74,79.83,86.6,96.26,95.93,58.6,100,100,100,100,82.9,74.09,15.61,60.47,32.91,51.92,58.18,99.03,47.36,80.78,93.08,64.97,98.08,47.61
84,BLZ,Belize,57.79,65.09,74.73,46.74,49.86,52.93,93.47,5.11,44.27,45.03,39.57,59,25.14,36.82,100,100,48.06,45.42,49.86,100,100,100,99.88,100,34.99,5.11,58.91,29.64,52.03,,20.65,39.87,49.77,38.4,40.74,59,25.14
204,BEN,Benin,38.17,36.36,50.66,6.37,30.23,39.37,75.08,3.49,48.18,34.35,25.05,10.7,31.11,6.23,81.35,79.22,6.13,6.62,30.23,0,100,100,98.42,67.73,86.21,3.49,74.62,21.74,29.23,23.13,59.02,46.82,19.27,39.78,10.32,10.7,31.11
64,BTN,Bhutan,47.22,35.27,36.89,32.6,30.28,55.18,96.3,59.79,,43.76,48.28,0,33.15,24.94,41.52,48.2,30.3,34.9,30.28,,100,100,99.55,74.78,96.51,59.79,,,29.76,,81.53,82.97,49.38,45.77,50.79,0,33.15
68,BOL,Bolivia,55.98,61.64,70.92,44.57,43.51,52.21,88.58,18.38,,33.49,38.72,63.66,54.41,30.12,100,96.22,44.96,44.18,43.51,,97.22,97.06,86,73.36,74.69,18.38,,,23.33,34.36,54.79,51.77,28.1,56.25,21.18,63.66,54.41
70,BIH,Bosnia and Herzegovina,41.84,63.87,60.37,71.54,63.39,27.15,26.93,49.31,,26.8,30.79,0,33.09,28.68,80.39,82.59,74.44,68.63,63.39,,8.1,13.54,11.13,61.68,88.18,49.31,,,16.3,25.09,51.46,39.04,27.86,19,42.57,0,33.09
72,BWA,Botswana,51.7,37.19,43.33,21.8,49.65,61.37,98.31,57.67,,47.24,42.46,49.56,30.36,24.29,52.48,59.58,21.5,22.09,49.65,,100,100,95.29,100,95.91,57.67,,,38.41,14.56,100,67.73,34.72,52.57,32.35,49.56,30.36
76,BRA,Brazil,60.7,67.44,78.78,45.91,49.19,56.21,88.17,12.43,81.42,33.24,37.55,81.08,58.83,55.19,100,89.01,43.46,48.37,49.19,94.88,99.88,99.49,89.38,69.8,44.69,12.43,62.84,100,21.07,25.51,68.37,54.38,24.27,52.49,22.6,81.08,58.83
96,BRN,Brunei Darussalam,63.57,96.66,98.76,94.9,79.92,41.52,81.58,21.47,50.27,27.42,2.51,39.76,29.92,100,100,95.87,98.88,90.93,79.92,59.2,100,100,99.89,18.34,79.24,21.47,68.93,31.61,2.92,50.28,33.21,95.3,89.87,2.62,2.41,39.76,29.92
100,BGR,Bulgaria,67.85,69.6,68.49,71.26,74.15,66.68,93.39,34.38,62.17,56.04,52.91,93.93,43.68,41.64,85.44,87.33,76.35,66.18,74.15,98.4,99.87,99.79,100,54.48,83.33,34.38,54.73,69.61,67.1,35.93,62.4,5.35,51.16,49.15,56.66,93.93,43.68
854,BFA,Burkina Faso,42.83,44.22,61.85,8.45,29.78,41.91,85.54,,,26.24,28.47,0,28.42,4.63,100,99.99,8.19,8.71,29.78,,92.32,92.32,88.94,51.69,85.45,,,,25.38,,37.59,19.24,0,30.57,26.37,0,28.42
108,BDI,Burundi,27.43,25.69,36.92,0.86,28.7,28.59,53.67,25.87,,16.18,38.18,0,21.06,4.25,54.01,63.38,0.95,0.77,28.7,,46.52,46.86,57.45,37.09,90.6,25.87,,,16.26,,17.05,26.74,0.99,41.15,35.2,0,21.06
116,KHM,Cambodia,43.23,39.81,41.91,35.26,39.84,45.51,80.53,0,49.61,47.63,37.52,0,47.46,7.72,62.51,66.9,34.43,36.09,39.84,68.07,100,100,99.04,45.6,25.44,0,50.57,48.66,39.97,67.36,49.66,52.46,32.43,43.37,31.68,0,47.46
120,CMR,Cameroon,40.81,39.18,50.54,13.45,45.84,41.9,49.56,22.75,47.54,58.53,33.71,0,31.05,7.42,79.1,79.47,13.2,13.7,45.84,0,57.64,64,63.44,40.3,85.15,22.75,74.62,20.45,73.97,32.29,58.59,25.52,41.78,30.07,37.35,0,31.05
124,CAN,Canada,72.18,97.51,99.28,94.69,91.49,55.29,83.2,11.57,42.23,39.88,44.25,96.35,61.78,100,100,97.59,89.38,100,91.49,82.22,100,100,71.31,44.02,80.91,11.57,51.6,32.86,35.38,67.21,26.44,33.86,35.24,49.84,38.66,96.35,61.78
132,CPV,Cabo Verde,56.94,60.9,70.81,40.66,53.47,54.3,20.67,,62.23,69.56,72.99,82.2,21.9,27.03,100,100,39.9,41.42,53.47,0,13.26,13.26,25.56,2.69,99.85,,70.49,53.96,64.12,,88.79,82,56.23,73.64,72.33,82.2,21.9
140,CAF,Central African Republic,36.42,29.16,42.93,0,25.01,41.26,89.6,43.52,,17.55,40.31,0,21.83,0,68.91,74.2,0,0,25.01,,100,100,84.15,49.99,98.48,43.52,,,24.33,,0.4,0.35,8.39,48.21,32.41,0,21.83
148,TCD,Chad,45.34,41.36,60.82,0.32,34.67,47.99,72.22,9.46,,49.62,78.57,0,28.9,2.52,100,99.36,0.25,0.38,34.67,,68.09,77.36,83.64,28.36,91.21,9.46,,,55.08,,36.24,34.03,42.23,78.88,78.25,0,28.9
152,CHL,Chile,57.49,73.73,69.22,79.61,97.15,46.66,69.79,10.83,51.01,37.37,3.37,98.55,32.52,65.17,70.97,72.86,79.41,79.81,97.15,100,61.65,43.29,67.31,65.19,88.18,10.83,55.85,46.18,26.05,11.13,84.75,74.68,28.62,5.42,1.32,98.55,32.52
156,CHN,China,50.74,31.72,14.39,68.24,38.02,63.42,72.57,21.89,70.41,68.62,57.08,80.2,34.64,25.85,1.05,12.44,66.82,69.66,38.02,89.28,67.65,83.05,72.21,29.46,71.81,21.89,90.52,50.3,63.24,45.59,99,99.89,61.84,60.12,54.05,80.2,34.64
170,COL,Colombia,65.22,71.05,77.01,59.96,60.12,61.33,81.37,27.88,92.93,50.1,56.76,77.21,9.6,44.78,100,97.01,63.79,56.12,60.12,88.43,82.84,78.16,84.27,77.84,68.48,27.88,85.87,100,44.35,29.47,78.62,78.08,48.13,59.62,53.89,77.21,9.6
174,COM,Comoros,44.24,47.06,64.38,10,44.3,42.37,55.8,12.66,57.81,49.44,30.02,26.32,18.05,10.95,100,100,9.37,10.63,44.3,55.3,55.8,55.8,72.18,20.47,59.39,12.66,73.57,42.05,57.09,,30.41,49.05,18.77,33.35,26.68,26.32,18.05
188,CRI,Costa Rica,67.85,76.44,84.43,62.78,54.45,62.13,87.71,28.49,69.69,59.29,58.15,64.78,6.04,61.08,100,100,68.08,57.48,54.45,80.49,94.39,87.09,98.86,82.97,72.42,28.49,71.96,67.41,58.7,79.09,56.64,55.75,0.07,64.39,51.91,64.78,6.04
384,CIV,CÃ´te d'Ivoire,45.25,39.55,53.88,9.53,33.42,49.05,83.66,0,59.69,38.57,51.38,44.63,19.83,5.15,86.69,86.04,9.53,9.53,33.42,69.89,100,100,99.45,66.61,31.35,0,74.62,44.75,39.2,37.24,39.41,60.67,12.1,63.77,38.99,44.63,19.83
191,HRV,Croatia,65.45,67.04,64.07,70.01,87.84,64.39,95.25,34.36,54.55,54.41,43.23,86.58,47.68,48.68,72.84,75.83,74.08,65.94,87.84,99.04,100,100,99.99,65.62,88.79,34.36,92.25,16.85,57.84,62.12,45.56,56.38,22.73,49.32,37.14,86.58,47.68
192,CUB,Cuba,63.42,75.76,86.47,57.5,46.03,55.2,74.37,14.72,49.23,49.15,75.32,72.52,13.59,66.18,100,100,58.2,56.8,46.03,94.2,60.75,65.31,79.17,49.29,95.61,14.72,34.23,64.23,44.48,33.45,62.9,55.53,97.24,59.67,90.98,72.52,13.59
196,CYP,Cyprus,72.6,87.96,87.5,92.35,67.57,62.37,81.66,36.06,52.55,66.26,49.65,79.34,6.29,90.12,85.49,86.02,92.35,92.34,67.57,68.14,100,100,99.55,21.21,59.99,36.06,26.64,78.47,62.53,45.11,92.22,56.04,94.5,56.67,42.62,79.34,6.29
203,CZE,Czech Republic,67.68,68.69,65.77,69.98,98.82,67.01,94.96,17.8,,54.65,57.07,95.77,62.17,72.86,56.56,65.55,75,64.96,98.82,,100,100,100,72.89,86.82,17.8,,,59.61,44.24,60.13,41.66,37.81,57.5,56.64,95.77,62.17
180,COD,Dem. Rep. Congo,30.41,19.7,22.57,10.01,40.47,37.56,67.79,14.43,,34.26,40.16,0,22.39,5.97,31.83,35.45,9.8,10.21,40.47,,70.4,70.32,71.39,40.36,77.72,14.43,,,17.7,100,22.42,17.25,1.31,48.66,31.66,0,22.39
208,DNK,Denmark,81.6,98.2,99.16,97.78,88.3,70.53,94.48,12.74,50.75,67.56,71,98.45,67.02,99.75,100,97.53,99.13,96.43,88.3,100,100,100,100,51.51,93.33,12.74,51.54,49.96,69.4,65.72,73.72,40.37,59,96.8,45.21,98.45,67.02
262,DJI,Djibouti,40.04,52.89,69.73,19.3,35.47,31.47,28.88,,47.92,46.4,11.01,0,25.79,25.18,100,98.85,19.52,19.08,35.47,70.18,7.85,7.85,7.71,10.83,90.76,,74.62,21.22,43.69,,60.06,54.26,21.92,11.65,10.36,0,25.79
212,DMA,Dominica,59.38,69.45,80.39,50.64,40.18,52.67,79.21,54.93,51.06,51.78,31.59,35.78,0,50.97,100,100,51.03,50.25,40.18,58.92,81.31,86.99,,100,,54.93,58.27,43.84,51.23,,50.22,63.77,53.59,39.35,23.82,35.78,0
214,DOM,Dominican Republic,64.71,64.86,77.96,42.4,29.34,64.61,87.06,10.42,74.5,61.27,65.46,90.17,8.11,44.9,100,100,45.1,39.7,29.34,97.28,82.81,97.55,96.45,58.36,64.08,10.42,95.65,53.35,67.64,42.08,62.15,66.09,65.89,66.52,64.39,90.17,8.11
218,ECU,Ecuador,57.42,72.58,82.97,52.2,59.87,47.31,84.08,28.22,62.01,46.8,25.92,0,12.76,57.48,100,99.93,50.12,54.28,59.87,100,91.16,72.01,85.38,69.78,73.93,28.22,68.98,55.04,36.32,46.63,70.96,58.1,44.23,30.44,21.4,0,12.76
818,EGY,Egypt,61.21,68.61,88.88,32.78,20.03,56.28,62.39,44.95,37.92,55.68,47.55,86.32,46.15,82.79,94.35,91.55,31.46,34.09,20.03,91.36,72.34,44.06,48.05,15.3,96.97,44.95,69.88,5.96,51.56,45.92,67.94,68.16,74.33,34.97,60.13,86.32,46.15
222,SLV,El Salvador,53.91,63.99,76.15,42.34,35.85,47.19,69.06,23.99,0,63.47,28.11,50.5,12.5,40.51,100,99.81,40.27,44.4,35.85,80.59,63.45,55.72,83.09,40.95,83.94,23.99,0,0,68.81,60.04,62.53,55.33,35.75,23.42,32.79,50.5,12.5
226,GNQ,Equatorial Guinea,60.4,49.66,57.18,31.89,58.55,67.55,87.76,20.76,64.46,70.08,99.97,52.51,16.38,18.98,78.41,86.88,32.7,31.09,58.55,72.18,100,100,99.48,52.49,81.81,20.76,84.87,44.06,65.62,,72.01,99.09,95.85,99.94,100,52.51,16.38
232,ERI,Eritrea,39.34,46.12,64.88,7.09,36.46,34.81,27.52,,94.09,29.57,43.47,0,36.51,12.8,100,99.2,6.92,7.26,36.46,0,28.6,28.07,24.54,15.49,97.27,,88.19,100,46.26,0.89,23.12,7.91,24.86,40.88,46.06,0,36.51
233,EST,Estonia,64.31,73.24,78.87,58.45,88.82,58.35,92.39,4.56,76.04,33.62,54.29,96.42,40.75,47.2,100,99.97,57.61,59.29,88.82,100,100,100,100,46.02,77.87,4.56,98.57,53.52,27.24,33.22,45.84,35.02,48.67,48.27,60.31,96.42,40.75
231,ETH,Ethiopia,44.78,32.8,43.66,9.35,32.22,52.77,78.99,29.39,,64.18,37.81,0,35.52,7.57,63.4,72.04,8.68,10.02,32.22,,86.18,80.7,82.14,38.41,95.45,29.39,,,72.7,100,33.48,18.05,4.53,47.28,28.34,0,35.52
242,FJI,Fiji,53.09,61.7,70.36,39.93,79.74,47.35,46.45,29.72,64.97,56.91,17.73,64.8,18.78,25.89,100,100,42.29,37.57,79.74,82.67,25.84,26.53,48.66,8.63,88.48,29.72,73.33,56.6,58.66,,56.49,52.94,37.98,20.81,14.65,64.8,18.78
246,FIN,Finland,78.64,99.35,99,100,100,64.83,89.25,5.98,61.11,62.33,49.1,97.01,49.97,97.5,100,100,100,100,100,100,100,100,96.13,39.23,61.05,5.98,95.02,27.2,53.97,60.17,91.26,44.58,56.55,51.88,46.32,97.01,49.97
250,FRA,France,83.95,95.71,95.97,97.22,83.29,76.11,96.25,25.08,57.71,70.46,96.82,95.56,67.77,99.26,95.46,92.1,95.77,98.66,83.29,100,100,100,99.97,74.05,88.48,25.08,78.37,37.05,57.58,92.56,83.95,51.05,76.37,95.62,98.01,95.56,67.77
266,GAB,Gabon,45.05,43.04,51.5,22.23,57.99,46.39,86.17,38.22,58.15,30.71,53.75,0,12.36,34.07,60.59,65.66,21.64,22.81,57.99,81.34,89.66,93.93,95.1,45.18,96.51,38.22,48.05,68.25,22.47,21.68,59.97,44.81,18.04,39.12,68.39,0,12.36
270,GMB,Gambia,42.42,47.99,63.14,16.8,38.15,38.72,43.12,,49.94,36.67,41.36,26.32,26.02,7.84,100,100,16.34,17.27,38.15,59.81,23.57,31.64,33.43,44.32,90,,74.62,25.26,45.83,,6.07,40.63,26.81,50.52,32.21,26.32,26.02
268,GEO,Georgia,55.69,57.1,54.93,59.93,68.28,54.75,62.33,86.2,27.36,48.41,48.55,81.51,5.7,22.1,73.81,79.83,56.8,63.06,68.28,80.97,48.17,47.17,66.51,42.37,95.3,86.2,54.73,0,28.36,72.7,67.42,52.67,71.41,33.38,63.72,81.51,5.7
276,DEU,Germany,78.37,88.68,84.09,96.74,100,71.5,96.92,34.99,47.71,55.47,93.3,99.65,61.21,85.03,81.8,85.12,95.36,98.11,100,100,100,100,100,83.28,85.91,34.99,36.89,58.54,41.41,37.27,99.38,57.9,90.9,88.16,98.44,99.65,61.21
288,GHA,Ghana,49.66,44.42,52.37,26.52,48.46,53.15,77.96,0,55.19,57.59,40.5,53.73,28.76,10.23,79.03,81.89,26.05,26.99,48.46,67.12,78.96,82.74,90.27,57.2,84.24,0,57.06,53.33,54.11,46.09,79.52,72.55,35.71,43.33,37.67,53.73,28.76
300,GRC,Greece,73.6,91.03,89.23,100,60.77,61.98,90.89,33.42,63.74,42.17,46.41,97.72,49.5,88.17,90.77,89.09,100,100,60.77,86.03,100,100,100,47.3,89.54,33.42,46.53,80.95,41.93,44.22,46.9,0.19,59.46,50.32,42.5,97.72,49.5
308,GRD,Grenada,50.93,69.82,82.88,48.26,29.37,38.34,56.78,36.44,44.76,21.61,30.55,64.44,0.76,57.2,100,100,48.77,47.74,29.37,61.02,52.9,35.2,,99.19,,36.44,58.27,31.25,15.3,,27.03,86.54,23.42,35.16,25.94,64.44,0.76
320,GTM,Guatemala,52.33,54.97,68.3,29.5,34.42,50.57,65.13,0.77,59.62,57.46,30.23,72.59,14.55,21.57,100,98.92,28.21,30.78,34.42,81.95,79.52,50.5,74.37,78.61,0,0.77,80.07,39.18,55.55,60.89,64.25,54.25,39.01,31.57,28.9,72.59,14.55
324,GIN,Guinea,46.62,45.02,60.77,12.79,33.56,47.69,83.29,0,58.92,37.24,31.6,51.13,30.5,2.16,100,99.68,12.69,12.89,33.56,78.98,99.71,93.64,89.32,26.74,82.88,0,96.2,21.63,48.89,,12.16,9.95,1.75,39.66,23.55,51.13,30.5
624,GNB,Guinea-Bissau,44.67,43.6,60.5,10.01,25.37,45.38,85.77,0,36.45,53.23,32.8,0,20.94,1.26,100,100,9.61,10.42,25.37,99.03,96.64,99.62,78.01,42.17,68.93,0,39.85,33.04,66.94,,23.41,11.95,21.9,38.82,26.78,0,20.94
328,GUY,Guyana,47.93,61.55,75.49,38.67,17.58,38.86,54.32,48.62,52.86,34.82,32.14,0,29.4,38.71,100,100,40.6,36.74,17.58,33.89,50.45,51.06,39.01,100,94.39,48.62,61.32,44.4,31.63,,37.25,43.99,60.54,32.86,31.42,0,29.4
332,HTI,Haiti,33.74,45.24,62.21,15.45,3.46,26.08,14.39,8.29,62.75,42.53,20.76,0,10.83,5.52,100,100,15.04,15.87,3.46,0,1.58,2.86,23.13,45.42,43.32,8.29,86.81,38.7,60.02,6.34,41.26,38.46,21.62,28.8,12.71,0,10.83
340,HND,Honduras,51.51,55.95,68.9,34.06,19.01,48.54,84.11,3.59,54.38,46.02,17.68,56.32,10.21,22.25,100,100,33.85,34.26,19.01,94.12,88.66,94.35,93.18,77.28,23.17,3.59,76.1,32.66,47.93,45.02,44.2,47.37,36.73,23.43,11.93,56.32,10.21
348,HUN,Hungary,65.01,57.67,52.3,66.26,75.88,69.9,91.7,11.64,,61.68,75.22,93.42,69.15,42.86,52.56,64.63,67.84,64.68,75.88,,100,100,100,45.26,88.33,11.64,,,65.45,49.66,66.35,64.01,50.92,95.18,55.26,93.42,69.15
352,ISL,Iceland,78.57,98.41,98.55,100,86.99,65.34,75.77,,39.3,61.96,49.11,94.47,59.78,96.39,100,100,100,100,86.99,75.62,68.5,68.5,81.01,70.41,100,,36.11,42.48,51.59,100,50.52,50.75,70.51,7.39,90.83,94.47,59.78
356,IND,India,30.57,9.32,5.75,15.8,16.77,44.74,49.13,23.54,59.37,44.77,37.49,58.83,21.98,12.69,0,2.26,16.06,15.53,16.77,79.19,30.03,36.04,51.34,12.36,85.75,23.54,86.3,32.45,38.82,17.66,80.1,67.49,48.7,32.6,42.37,58.83,21.98
360,IDN,Indonesia,46.92,45.44,52.04,31.41,43.84,47.9,70.4,0.01,62.54,53.43,47.62,13.6,37.98,25.2,67.03,72.85,32.94,29.88,43.84,90.87,69.82,75.84,77.57,29.69,46.05,0.01,76.11,48.96,58.29,28.25,64.9,62.46,50.63,44.02,51.21,13.6,37.98
364,IRN,Iran,58.16,74.01,85.12,58.74,21.21,47.59,51.89,91.8,45.73,35.93,20.07,64.32,32.91,84.14,86.08,85.46,62.45,55.03,21.21,81.95,41.05,36.91,45.59,12.15,95.76,91.8,77.63,13.82,27.64,30.89,52.78,78.8,28.7,31.66,8.49,64.32,32.91
368,IRQ,Iraq,43.2,61.46,72.91,41.05,35.11,31.02,28.39,,,19.73,36.33,70.21,22.96,54.89,84.04,85.8,41.69,40.41,35.11,,8.62,49.47,4.73,3.48,98.03,,,,7.18,0,57.46,65.1,27.83,44.77,27.89,70.21,22.96
372,IRL,Ireland,78.77,95.92,95.78,100,73.18,67.34,88.63,8.78,71.14,54.16,87.23,91.19,61.94,89.46,100,100,100,100,73.18,89.32,86.62,86.62,99.95,64.46,96.82,8.78,76.24,66.05,61.69,51.74,32.42,39.66,89.91,86.01,88.45,91.19,61.94
376,ISR,Israel,75.01,94.14,95.67,92.03,86.92,62.25,59.33,29.26,85.34,57.09,75.82,99.49,26.03,92.19,100,95.96,89.53,94.54,86.92,58.29,77.62,52.9,60.8,17.64,76.51,29.26,70.67,100,48.52,42.6,74,90.41,99.71,87.06,64.59,99.49,26.03
380,ITA,Italy,76.96,85.88,80.56,100,70.23,71.02,94.1,30.96,37.99,65.14,88.55,97.53,49.03,92.69,69.67,75.28,100,100,70.23,95.77,100,100,99.98,60.57,88.94,30.96,17.27,58.71,55.89,58.02,94.86,69.34,63.03,86.99,90.12,97.53,49.03
388,JAM,Jamaica,58.58,68.48,78.74,51.04,39.72,51.98,83.12,24.03,29.07,52.26,21.03,76.99,8.32,46.85,100,100,49.67,52.4,39.72,80.28,84.71,95.27,99.94,57.89,52.87,24.03,18.48,39.66,62,25.08,65.73,45.78,16.16,14.69,27.38,76.99,8.32
392,JPN,Japan,74.69,92.99,90.78,96.6,100,62.48,90.34,37.89,36.79,45.08,72.34,94.06,45.41,100,82.76,86.49,100,93.21,100,97.6,100,100,99.19,41.63,68.18,37.89,20.15,53.42,24.43,16.8,98.94,98.86,95.4,62.89,81.78,94.06,45.41
400,JOR,Jordan,62.2,86.69,99.61,68.82,25.98,45.87,23.85,,,46.84,78.6,81.74,13.03,100,100,98.72,75.63,62,25.98,,6.92,8.96,25.65,15.74,91.97,,,,42.14,27.74,61.12,65.35,94.62,73.25,83.94,81.74,13.03
398,KAZ,Kazakhstan,54.56,66.7,68.41,62.89,67.5,46.46,30.73,59.52,,47.82,47.07,79.83,22.85,33.25,93.58,90.11,59.12,66.66,67.5,,19.2,23.75,28.33,6.13,97.12,59.52,,,40.7,45.52,69.46,89.36,0.01,42.95,51.2,79.83,22.85
404,KEN,Kenya,47.25,42.96,62.93,0.63,37.36,50.12,79.01,15.51,49.81,51.37,29.04,41.57,27.25,13.77,100,91.39,0.41,0.84,37.36,81.42,81.38,80.71,89.56,38.78,85.15,15.51,64.38,35.24,54.48,62.16,43.05,35.48,26.3,30.38,27.69,41.57,27.25
296,KIR,Kiribati,55.26,48.48,61.85,20.89,40.21,59.78,85.71,,73.64,43.71,54.35,58.45,12.38,4.61,100,100,21.24,20.54,40.21,100,100,100,,0,,,97.36,49.93,44.2,,42.51,39.76,45.56,53.11,55.58,58.45,12.38
414,KWT,Kuwait,62.28,70.55,75.17,65.79,39,56.77,86.33,,64.88,31.78,22.66,96.88,30.75,94.66,57.27,67.1,68.79,62.79,39,83.97,100,100,95.33,13.16,91.51,,70.67,59.09,7.32,40.82,53.69,99.85,84.48,22.82,22.51,96.88,30.75
417,KGZ,Kyrgyzstan,54.86,54.78,59.49,44.74,53.74,54.92,74.02,99.81,,32.5,21.41,65.61,49.82,22.34,83.08,85.44,41.2,48.28,53.74,,72.72,79.89,81.77,30.09,93.33,99.81,,,17.71,59.24,43.38,39.53,22.88,29.5,13.32,65.61,49.82
418,LAO,Laos,42.94,25.15,23.37,27.59,33.69,54.8,76.77,0,,77.39,52.56,0,33.06,4.41,33.75,38.28,26.05,29.12,33.69,,93.54,96.61,92.57,43.59,5.13,0,,,84.57,,64,60,47.74,53.05,52.08,0,33.06
428,LVA,Latvia,66.12,72.8,77.66,60.62,82.78,61.66,92.05,3.67,50.65,42.89,84.31,96.3,45.68,45.95,100,97.58,59.27,61.96,82.78,100,100,100,99,46.9,75.6,3.67,40,61.3,40.48,58.57,36.7,22.75,49.26,91.55,77.07,96.3,45.68
422,LBN,Lebanon,61.08,83.25,95.18,60.31,65.9,46.3,30.11,25.15,85.34,43.86,55.29,76.47,27.83,100,91.36,92.56,66.01,54.62,65.9,24.56,16.99,16.99,40.04,19.53,84.39,25.15,70.67,100,30.15,24.36,86.18,63.44,70.05,51.97,58.62,76.47,27.83
426,LSO,Lesotho,33.78,29.78,42.18,2.86,30.06,36.45,17.43,,,44.79,58.26,37.28,36.27,6.82,60.78,70.72,2.71,3.01,30.06,,1.41,1.41,12.17,15.25,94.24,,,,40.12,,62.06,53.88,32.07,59.86,56.65,37.28,36.27
430,LBR,Liberia,41.62,43.73,62.49,4.79,33.59,40.21,34.35,0,70.9,73.11,15.49,0,21.03,7.23,100,98.64,5.16,4.43,33.59,66.63,12.95,36.59,22.46,25.04,41.2,0,80.6,61.19,82.34,,64.39,51.19,0.74,30.53,0.46,0,21.03
434,LBY,Libya,49.79,81.8,96.67,54.93,49.67,28.45,20.72,,47.5,11.87,34.38,74.57,24.39,91.71,100,99.96,54.39,55.48,49.67,39.72,1.24,6.02,5.35,4.8,97.73,,26.15,68.85,0,54.58,0,4.31,14.7,38.24,30.52,74.57,24.39
440,LTU,Lithuania,69.33,72.57,77.97,58.51,86.63,67.18,93.83,7.75,57.83,62.46,59.73,93.49,62.01,66.17,84.72,86.97,57.32,59.69,86.63,100,99.58,99.58,99.94,49.56,90.6,7.75,54.73,60.94,60.5,64.52,64.34,76.27,52.46,67.58,51.89,93.49,62.01
442,LUX,Luxembourg,79.12,95.07,93.62,99.3,88.55,68.48,96.54,18.77,,58.53,61.82,99.76,38.06,96.17,94.17,89.68,100,98.59,88.55,,100,100,100,95.52,76.81,18.77,,,49.31,44.08,98.87,68.01,37.61,99.29,24.35,99.76,38.06
807,MKD,Macedonia,61.06,67.43,66.43,69.16,70.11,56.82,64.85,30.62,,63.85,56.99,52.07,35.99,30.74,90.78,89.67,69.78,68.53,70.11,,45.96,68.59,79.84,53.94,76.06,30.62,,,78.51,31.87,63.97,70.71,37.91,52.45,61.53,52.07,35.99
450,MDG,Madagascar,33.73,42.39,61.04,4.04,30.08,27.96,43.17,0,62,16.23,41.21,0,39.5,2.59,100,100,3.6,4.47,30.08,77.43,34.24,27.36,64.07,25.51,0,0,84.41,39.58,14.4,,22.11,18.68,15.91,45.59,36.83,0,39.5
454,MWI,Malawi,49.21,39.93,54.79,8.28,36.52,55.39,91.89,5.52,,64.88,51.51,0,34.26,7.18,85.5,87.58,7.89,8.67,36.52,,98.11,99.2,93.66,60.44,92.73,5.52,,,76.76,,46.77,18.82,17.11,54.33,48.69,0,34.26
458,MYS,Malaysia,59.22,66.63,69.32,63,53.42,54.28,76.68,0,64.19,47.68,45.61,82.3,31.86,76.26,61.14,68.22,70.62,55.37,53.42,79.66,100,100,93.14,21.26,0,0,74.13,54.24,40.89,30.6,66.12,88.8,68.99,32.81,58.41,82.3,31.86
462,MDV,Maldives,52.14,73.23,81.73,57.62,56.39,38.09,23.61,,66.65,44.71,30.05,39.76,26.33,54.33,100,100,59.88,55.36,56.39,61.36,6.84,6.84,,15.17,,,86.26,47.04,24.33,,99.69,99.23,55.53,37.37,22.73,39.76,26.33
466,MLI,Mali,43.71,43.72,63.41,2.69,33.94,43.7,61.6,4.17,,55.47,53.03,0,31.34,8.52,100,100,2.68,2.71,33.94,,43.49,70.53,75.59,16.62,96.97,4.17,,,69,,24.64,9.86,34.96,55.59,50.46,0,31.34
470,MLT,Malta,80.9,93.8,94.4,100,48.74,72.3,87.77,,56.49,67.04,57.32,100,32.62,85.99,100,100,100,100,48.74,96.94,100,100,,20.54,,,86.29,26.69,59.76,54.27,93,89.91,64.3,69.28,45.37,100,32.62
478,MRT,Mauritania,39.24,50.01,66.23,14.67,51.25,32.05,31.65,,42.82,39.84,32.58,0,28.82,15.57,100,100,13.97,15.37,51.25,92.72,3.7,3.06,8.41,6.37,94.39,,82.7,2.93,40.26,,38.2,40.78,39.6,42.67,22.49,0,28.82
480,MUS,Mauritius,56.63,77.45,85.88,61.05,66.37,42.75,38.28,27.23,57.3,48.06,27.74,73.12,4.51,64.7,100,100,69.35,52.74,66.37,29.66,32.82,32.82,54.09,15.74,68.33,27.23,68.22,46.37,47.8,27.31,67.12,68.49,37.13,27.76,27.72,73.12,4.51
484,MEX,Mexico,59.69,66.04,71.9,57.58,40.46,55.46,74.68,19.6,46.66,46.84,52.73,91.48,33.73,49.11,87.69,86.51,57.68,57.49,40.46,100,81.34,83.74,59.14,31.06,67.27,19.6,62.16,31.15,47.68,40.21,53.91,44.23,39.33,77.85,27.61,91.48,33.73
583,FSM,Micronesia,49.8,59.88,67.08,46.39,47.4,43.07,27.6,100,50,35.17,54.96,39.76,23.03,17.69,100,100,48.14,44.63,47.4,51.75,25.9,16.98,,3.93,,100,0,100,22.29,,65.76,74.08,54.2,57.72,52.2,39.76,23.03
498,MDA,Moldova,51.97,60.29,59.92,61.02,60.77,46.42,31.05,31.08,,47.9,59.02,83.06,46.51,45.65,68.56,70.31,58.2,63.83,60.77,,20.71,23.05,29.75,21.12,80.3,31.08,,,45,43.03,59.18,47.12,52.02,60.68,57.36,83.06,46.51
496,MNG,Mongolia,57.51,61.97,64.3,60.54,40.31,54.54,75.28,28.94,,53.98,41.66,63,14.35,13.19,100,96.75,57.38,63.69,40.31,,77.48,73.27,86.27,34.37,93.79,28.94,,,54.29,24.91,79.86,78.69,38.96,46.88,36.43,63,14.35
499,MNE,Montenegro,61.33,72.61,69.28,78.61,79.89,53.81,73.77,30.77,36.18,46.85,59.22,81.67,10.57,27.75,99.37,94.56,83.3,73.92,79.89,45.79,71.98,86.3,93.75,66.59,75.45,30.77,54.73,17.63,45.95,25.1,61.65,96.38,34.11,66.02,52.43,81.67,10.57
504,MAR,Morocco,63.47,67.43,81.39,42.24,37.03,60.82,88.43,29.57,57.39,49.66,50.69,85.38,30.25,57.8,100,94.25,45.41,39.06,37.03,70.41,99.91,99.68,98.14,67.58,80.45,29.57,93.06,21.72,44.84,32.99,70.62,62.51,67.96,43.78,57.61,85.38,30.25
508,MOZ,Mozambique,46.37,46.36,61.43,16.18,31.6,46.37,90.47,10.62,50.73,23.49,48.45,45.65,23.27,8.07,100,93.99,15.97,16.4,31.6,89.06,97.83,98.53,85.35,72.23,90.91,10.62,77.96,23.51,34.77,0.01,29.06,4.95,0.95,60.36,36.53,45.65,23.27
104,MMR,Myanmar,45.32,35.6,36.57,31.76,46.02,51.8,42.74,9.69,70.26,76.26,76.15,0,52.64,12.85,44.44,60.33,31.44,32.07,46.02,61.19,36.2,27.1,43.34,24.29,67.42,9.69,78.26,62.27,87.09,69,63.36,63.5,61.43,77.42,74.88,0,52.64
516,NAM,Namibia,58.46,46.34,60.6,15.5,46.1,66.54,95.75,,58.11,59.78,46.92,69.91,10.32,16.94,91.28,88.13,15.32,15.68,46.1,86.93,100,100,98.71,100,86.21,,86.48,29.75,45.21,99.83,60.9,51.36,49.36,33.38,60.47,69.91,10.32
524,NPL,Nepal,31.44,10.54,3.94,23.54,18.43,45.38,68.52,63.09,,35.11,49.58,0,38.16,9.85,0,0,23.72,23.37,18.43,,76.27,45.86,83.04,40.39,97.42,63.09,,,27.81,50.62,40.74,36.39,22.33,58.03,41.14,0,38.16
528,NLD,Netherlands,75.46,92.26,89.68,98.26,89.8,64.25,80.13,35.79,34.6,52.55,96.56,99.9,35.39,100,80.58,85.01,98.85,97.67,89.8,100,66.62,66.62,99.82,57.5,77.72,35.79,46.72,22.48,37.68,36.52,85.54,87.37,98.7,98.72,94.4,99.9,35.39
554,NZL,New Zealand,75.96,95.96,98.99,93.37,72.08,62.63,91.84,10.33,57.4,55.78,52.1,96.16,26.74,97.47,100,100,97.29,89.45,72.08,100,90.07,88.03,96.93,87.44,80.91,10.33,57.85,56.96,49.69,77.28,48.61,55,60.07,52.29,51.92,96.16,26.74
558,NIC,Nicaragua,55.04,62.2,72.09,41.96,54.99,50.27,85.68,5.73,67.97,58.63,30.65,0,16.44,30.24,100,100,40.51,43.42,54.99,91.16,94.6,95.79,96.85,100,0,5.73,61.41,74.52,64.03,61.05,48.12,44.48,51.14,31.91,29.4,0,16.44
562,NER,Niger,35.74,41.94,61.22,2.44,28.37,31.61,85.74,10.17,,6.36,31.11,0,19.51,3.16,100,99.85,2.19,2.68,28.37,,100,100,79.29,37.64,89.7,10.17,,,0,26.25,4.83,1.28,1.62,37.9,24.33,0,19.51
566,NGA,Nigeria,54.76,36.64,48.08,7.75,61.39,66.84,71.64,,69.17,73.85,84.51,30.76,32.93,13.76,67.96,73.96,8.74,6.76,61.39,53.05,78.55,72.6,88.44,47.5,83.63,,85.21,53.12,95.14,37.04,64.47,70.54,49.11,84.38,84.65,30.76,32.93
578,NOR,Norway,77.49,97.86,97.14,99.65,96.44,63.91,88.96,22.08,68.73,63.58,24.76,96.11,28.51,92.86,100,100,100,99.29,96.44,80.7,95.68,95.73,91.14,70.51,92.57,22.08,85.96,51.49,38.59,96.51,99.01,62.96,40.63,31.58,17.94,96.11,28.51
512,OMN,Oman,51.32,75.98,86.19,62.84,22.06,34.88,34.81,,50.41,32.71,0.65,68.37,18.7,70.42,98.67,94.73,68.14,57.54,22.06,67.63,15.13,13.87,25.36,4.7,99.39,,93.7,7.11,0,48.86,76.07,93.62,60.76,0.55,0.74,68.37,18.7
586,PAK,Pakistan,37.5,16.8,15.69,20.02,11.86,51.3,60.14,90.56,50.87,50.79,32.38,26.03,20.89,11.09,18.01,19.49,21.61,18.43,11.86,82.24,62.89,53.82,52.3,13.45,85.45,90.56,56.73,45.02,59.69,41.37,42.2,42.96,41.69,24.6,40.16,26.03,20.89
591,PAN,Panama,62.71,66.96,78.88,43.45,53.1,59.87,86,27.05,63.08,54.32,46.87,78.12,11.23,47.2,100,100,42.73,44.18,53.1,84.27,93.8,86.61,92.29,66.06,80,27.05,55.31,70.85,44.8,21.77,99.29,92.49,61.75,45.54,48.2,78.12,11.23
598,PNG,Papua New Guinea,39.35,47.26,60,18.48,54.26,34.09,34.04,25.66,27.35,55.36,22.16,0,29.02,0,100,100,17.96,19,54.26,70.51,14.22,13.16,15.43,19.25,94.54,25.66,37.33,17.38,57.58,,52.6,44.12,46.39,20.33,23.99,0,29.02
600,PRY,Paraguay,53.93,58.1,65.39,44.96,42.09,51.15,64.02,0,,54.05,53.42,46.8,75.77,29.62,89.66,88.81,45.55,44.38,42.09,,85.15,85.08,71.58,28.56,0,0,,,62.93,61.81,36.9,33.37,23.42,72.95,33.9,46.8,75.77
604,PER,Peru,61.92,56.49,58.21,50.38,70.87,65.53,83.52,25.55,85.72,58.04,57.76,88.49,29.7,34.33,74.87,73.39,46.13,54.63,70.87,76.49,90.29,90.11,82.45,82.17,74.39,25.55,97.65,73.79,53.43,51.04,75.12,70.38,51.57,62.83,52.7,88.49,29.7
608,PHL,Philippines,57.65,55.64,62.96,42.86,37.1,58.99,78.08,17.16,70.01,54.54,66.85,60.34,33.45,12.7,100,92.93,47.21,38.51,37.1,85.73,89.25,93.2,84.51,33.64,41.81,17.16,74.19,65.83,58.46,24.14,68.41,72.13,63.93,63.9,69.81,60.34,33.45
616,POL,Poland,64.11,58.71,53.04,69.23,69.29,67.72,96.37,14.26,42.66,64.33,72.3,92.35,43.37,55.34,46.57,56.44,72.23,66.24,69.29,100,100,100,99.99,71.28,92.42,14.26,34.07,51.26,69.2,38.61,84.34,74.68,28.19,95.38,49.21,92.35,43.37
620,PRT,Portugal,71.91,90.47,90.99,93.59,64.91,59.53,91.41,0,32.11,56.89,67.18,93.82,6.09,77.55,100,99.9,87.91,99.27,64.91,89.85,100,100,100,62,72.42,0,22.4,41.81,61.42,68.97,33.84,54.62,57.69,81.49,52.87,93.82,6.09
634,QAT,Qatar,67.8,74.18,76.29,72.9,54.44,63.54,43.71,,63.62,68.68,86.88,96.13,19.76,100,55.46,65.52,75.97,69.83,54.44,69.46,23.92,23.92,61.03,4.21,76.21,,70.67,56.57,58.05,49.02,100,98.08,98.96,97.71,76.04,96.13,19.76
178,COG,Republic of Congo,42.39,20.89,23.84,10.26,46.29,56.73,91,27.91,43.26,59.34,46.78,31.97,23.62,12.49,30.4,32.4,9.95,10.57,46.29,92.45,100,100,95.8,40.37,93.18,27.91,74.62,11.89,82.92,33.94,37.24,38.08,34.8,62.54,31.02,31.97,23.62
642,ROU,Romania,64.78,58.67,57.37,59.9,68.25,68.85,90.8,27.82,48.86,68.53,71.2,83.95,48.15,37.73,68.21,72.71,57.81,61.98,68.25,98.49,95.08,97.21,95.32,51.07,84.69,27.82,54.73,43,81.24,51.64,68.04,45.38,34.17,60.78,81.63,83.95,48.15
643,RUS,Russia,63.79,75.48,79.99,63.93,86.2,55.99,65.64,12.43,35.48,49.88,77.78,96.53,47.83,76.75,81.37,82.94,61.33,66.52,86.2,90.93,55.59,61.75,58.4,33.71,89.39,12.43,39.03,31.93,51.59,33.88,54.62,42.35,85.29,77.88,77.68,96.53,47.83
646,RWA,Rwanda,43.68,31.03,37.87,14.96,38.53,52.12,63.24,16.71,,69.91,68.44,0,32.14,9.39,48.88,64.83,14.05,15.87,38.53,,51.37,54.48,78.49,43.32,93.94,16.71,,,77.66,,58.49,47.44,29.67,69.15,67.74,0,32.14
662,LCA,Saint Lucia,56.18,71.03,84.2,47.79,39.36,46.28,62.71,43.36,47.63,40.29,29.76,64.44,0,60.49,100,100,49.29,46.28,39.36,72.77,61.46,36.02,,98.48,,43.36,58.27,36.99,39.34,,30.68,63.82,68.47,33.23,26.29,64.44,0
670,VCT,Saint Vincent and the Grenadines,66.48,67.38,79.96,47.25,24.52,65.88,85.1,100,79.13,55.95,32.99,64.44,3.22,49.91,100,100,47.65,46.85,24.52,72.24,80.73,94.88,,100,,100,58.27,100,52.5,,61.72,75.58,61.42,35.55,30.44,64.44,3.22
882,WSM,Samoa,54.5,61.94,67.42,49.92,62.76,49.55,49.04,,63.57,42.8,65.79,58.45,14.16,18.54,100,100,52.64,47.21,62.76,65.56,38.74,38.74,51.28,1.77,100,,62.89,64.25,42.52,,38.7,46.13,59.74,58.17,73.42,58.45,14.16
678,STP,SÃ£o TomÃ© and PrÃ­ncipe,54.01,52.73,64.07,29.32,45.76,54.87,75.47,,65.57,55.13,41.99,26.32,11.81,12.74,100,96.57,30.4,28.24,45.76,42.39,100,100,,43.55,,,91.72,39.41,52.28,,66.31,50.06,55.35,51.52,32.46,26.32,11.81
682,SAU,Saudi Arabia,57.47,72.81,79.91,62.38,43.17,47.25,48.33,,55.1,40.47,25.4,87.79,29.41,80.71,78.17,80.57,66.98,57.77,43.17,84.22,25.8,25.8,52.92,8.42,97.42,,70.79,39.4,14.36,35.63,90.09,96.76,66.21,14.73,36.06,87.79,29.41
686,SEN,Senegal,49.52,47.55,63.78,13.67,39.92,50.83,91.67,9.88,68.72,38.73,28.39,42.69,26.49,9.45,100,100,13.34,14.01,39.92,82.4,100,100,98.83,57.28,96.97,9.88,71.79,65.66,40.07,37.11,42.45,28.21,27.47,30.39,26.4,42.69,26.49
688,SRB,Serbia,57.49,61.18,56.67,69.73,68.53,55.03,49.84,38.66,,61.77,59.76,60.49,52.95,30.95,71.62,76.01,73.64,65.82,68.53,,43.12,43.12,46.76,46.17,86.51,38.66,,,69.65,36.42,77.01,50.28,34.84,66.42,53.1,60.49,52.95
690,SYC,Seychelles,66.02,77.72,88.03,58.28,60.41,58.22,63.49,,49.54,93.25,2.63,26.32,14.01,70.07,100,100,61.04,55.52,60.41,58.02,80.88,77.69,,11.2,,,38.32,60.75,99.99,,84.92,100,25.36,5.26,0,26.32,14.01
694,SLE,Sierra Leone,42.54,41.8,60.68,2.5,32.16,43.03,68.63,0,55.46,48.19,45.51,0,26.33,1.87,100,99.76,2.61,2.39,32.16,78.71,55.53,88.87,70.53,21.5,77.57,0,97.65,13.26,53.33,,40.8,35.5,18.48,50.96,40.05,0,26.33
702,SGP,Singapore,64.23,72.14,58.99,99,81.96,58.96,21.46,,74.01,67.64,97.76,100,4.59,100,32.16,31.15,100,98,81.96,18.5,26.56,26.56,,7.03,,,68.93,79.09,59.13,41.49,99.14,99.49,99.53,95.96,99.56,100,4.59
703,SVK,Slovakia,70.6,63.87,59.42,69.62,87.21,75.08,94.31,17.09,,74.21,79.51,89.95,61.53,63.46,50.78,62.69,74.12,65.12,87.21,,100,100,100,68.25,86.21,17.09,,,78.21,54.92,76.29,98.23,79.02,70.22,88.81,89.95,61.53
705,SVN,Slovenia,67.57,72.34,71.25,70.59,97,64.4,95.78,30.87,,51.16,49.85,88.5,34.85,63.65,73.59,79.02,74.59,66.59,97,,100,100,100,82.47,83.78,30.87,,,46.12,52.46,67.47,40.66,41.59,61.75,37.94,88.5,34.85
90,SLB,Solomon Islands,43.22,49.67,60.53,28.02,38.33,38.93,26.66,15.28,50.27,63.2,59.13,0,16.68,1.33,100,100,27.07,28.98,38.33,63.51,10.06,10.06,14.36,8.68,61.96,15.28,68.43,32.12,69.97,,43.28,70.97,40.27,53.11,65.16,0,16.68
710,ZAF,South Africa,44.73,36.81,41.14,24.71,53.22,50.01,64.24,0,59.24,44.63,34.67,87.8,47.76,32.9,43.56,49.69,24.48,24.93,53.22,100,41.34,51.64,63.1,35.28,95,0,62.82,55.66,46.34,26.06,59.48,52.6,34.42,31.66,37.68,87.8,47.76
410,KOR,South Korea,62.3,73.3,61.19,96.52,91.48,54.96,46.66,24.64,67.1,46.75,77.91,98.22,49.71,100,30.21,40.43,100,93.05,91.48,87.48,20.32,20.32,54.37,23.29,78.33,24.64,92.34,41.87,32.4,26.79,99.02,49.57,58.11,84.52,71.29,98.22,49.71
724,ESP,Spain,78.39,94.21,94.07,100,61.27,67.85,95.66,8.95,43.14,67.77,69.34,99.71,29.74,87.09,100,97.44,100,100,61.27,98.84,100,100,99.98,68.96,90,8.95,61.11,25.16,70.52,63.52,74.8,43.37,53.53,79.18,59.51,99.71,29.74
144,LKA,Sri Lanka,60.61,64.7,69.91,53.09,66.58,57.88,80.38,24.09,78.34,70.88,51.73,0,22.05,25.65,100,98.84,51.88,54.3,66.58,64.31,90.82,98.09,81.83,61.25,72.42,24.09,79.94,76.73,87.1,29.49,74.47,76.75,54.07,45.73,57.74,0,22.05
729,SDN,Sudan,51.49,50.09,64.56,24.46,15.78,52.43,40.13,74.65,78.4,72.11,48.28,0,12.62,11.49,100,99.87,23.17,25.74,15.78,100,11.68,12.88,22.05,13.11,95,74.65,56.8,100,75.99,90.82,53.04,53.55,53.25,50.83,45.72,0,12.62
740,SUR,Suriname,54.2,62.46,75.24,40.14,30.29,48.68,70.23,42.84,68.18,35.74,68.9,7.53,33.22,38.11,100,100,43.36,36.91,30.29,86.41,42.48,42.46,83.9,100,91.82,42.84,67.06,69.3,32.86,19.84,38.74,70.44,81.44,64.45,73.35,7.53,33.22
748,SWZ,Swaziland,40.32,32.54,42.3,9.36,44.73,45.51,34.9,6.05,,62.49,48.33,64.23,32.45,15.38,54.85,65.66,9.03,9.68,44.73,,23.75,20.66,31.63,51.18,75.9,6.05,,,67.09,,52.96,55.7,43.06,47.69,48.98,64.23,32.45
752,SWE,Sweden,80.51,94.41,92.84,96.88,100,71.24,81,5.53,53.76,86.8,64.17,98.49,55.12,82.42,100,99.57,95.62,98.14,100,98.67,70.9,77.5,98.58,49.34,69.39,5.53,49.6,57.91,82.47,95.16,99.21,50.29,83.53,64.13,64.2,98.49,55.12
756,CHE,Switzerland,87.42,93.57,91.06,99.99,87.77,83.32,84.2,47.4,,90.55,98.7,99.67,43.87,88.17,93.86,92.1,100,99.98,87.77,,63.66,80.35,99.99,100,85.6,47.4,,,85,94.36,99.07,89.15,98.22,98.7,98.7,99.67,43.87
158,TWN,Taiwan,72.84,69.85,69.04,69.71,81.17,74.83,83.03,51.05,65.71,82.23,89.75,71.26,32.51,65.32,67.35,75.7,74.41,65.01,81.17,82.23,100,99.99,82.7,31.09,69.39,51.05,82.03,49.4,87.88,43.81,100,97.73,92.72,79.72,99.79,71.26,32.51
762,TJK,Tajikistan,47.85,26.26,23.22,29.9,44.01,62.24,67.01,85.43,,60.73,49.45,58.85,33.47,17,26.88,27.86,26.96,32.84,44.01,,63.98,71.51,66.05,39.79,93.18,85.43,,,55.36,99.85,47.58,40.44,30.79,38.33,60.58,58.85,33.47
834,TZA,Tanzania,50.83,45,60.55,11.8,42.14,54.71,95.03,11.8,49.26,43.1,50.76,54.03,28.76,7.64,100,91.65,11.43,12.18,42.14,88.8,99.43,98.95,96.48,99.53,83.48,11.8,81.96,16.56,44.54,38.28,51.09,35.69,23.52,57.1,44.42,54.03,28.76
764,THA,Thailand,49.88,46.21,37.9,59.37,75.36,52.33,74.91,11.07,48.25,45.75,48.79,77.05,27.17,42.83,32.17,37.04,71.37,47.37,75.36,87.79,77.43,62,96.64,31.87,69.54,11.07,38.75,57.75,44.78,35.39,58.97,47.27,42.38,55.75,41.83,77.05,27.17
626,TLS,Timor-Leste,49.54,51.02,64.77,22.86,41.17,48.56,73.47,33.68,63.43,45.01,17.85,37.28,29.38,11.92,100,100,21,24.73,41.17,81.38,79.22,79.22,60.37,34.94,99.39,33.68,89.87,36.99,40.45,,57.33,61.65,42.9,22.73,12.97,37.28,29.38
768,TGO,Togo,41.78,38.25,50.08,12.92,36.36,44.14,68.43,18.44,59.63,43.04,49.44,0,27.3,5.62,80.11,79.34,12.79,13.06,36.36,0,98.47,98.29,73.62,51.29,92.27,18.44,74.62,44.65,26.75,99.18,41.09,27.39,4.87,75.24,23.64,0,27.3
776,TON,Tonga,62.49,62.51,68.96,46.97,71.83,62.48,82.75,,76.86,49.38,63.12,58.45,17.69,22.41,100,100,48.3,45.63,71.83,86.11,100,100,,7.06,,,53.71,100,54.8,,34.84,16.58,64.38,65.15,61.09,58.45,17.69
780,TTO,Trinidad and Tobago,67.36,81.44,93.91,56.29,70.35,57.96,88.93,26.89,59.23,50.02,50.27,70.83,0,84.77,100,100,58.48,54.11,70.35,61.59,99.14,97.69,100,100,72.42,26.89,65.39,53.08,29.99,44.49,98.85,75.46,51.8,84.28,16.26,70.83,0
788,TUN,Tunisia,62.35,81.12,95.45,57.6,36.02,49.83,47.41,7.91,58.12,51.3,63.53,88.17,16.25,88.68,100,99.93,59.72,55.48,36.02,82.52,32.01,36.82,37.46,5.71,90.76,7.91,93.62,22.61,44.4,43.55,73.33,59.04,55.41,56.64,70.42,88.17,16.25
792,TUR,Turkey,52.96,71.56,78.2,59.28,58.96,40.57,25.16,27.39,38.64,39.99,44.41,92.21,40.25,73.23,80.3,82.71,62.62,55.93,58.96,69.03,1.35,1.52,2.61,15.74,86.82,27.39,12.28,65.01,32.53,34.01,61.03,59.95,34.52,42.91,45.91,92.21,40.25
795,TKM,Turkmenistan,66.1,73.53,87.82,45.96,53.27,61.15,29.04,,,81.39,72.26,74.79,50.83,77.42,96.24,93.26,42.75,49.17,53.27,,18.84,22.01,25.3,3.62,96.36,,,,93.12,28.71,100,100,81.78,79.26,65.26,74.79,50.83
800,UGA,Uganda,44.28,33.64,42.43,13.1,42.43,51.38,89.54,10.47,,38.87,57.53,40.84,26.17,8.29,61.6,68.79,12.04,14.17,42.43,,95.41,95.56,96.45,54.85,86.66,10.47,,,40.73,,40.31,26.86,19.2,56.91,58.15,40.84,26.17
804,UKR,Ukraine,52.87,64.44,64.21,60.89,88.71,45.16,49.1,14.08,54.32,37.59,40.18,78.76,57.55,50.4,70.56,76.29,58.25,63.53,88.71,91.87,25.85,29.25,43.82,25.52,83.94,14.08,66.89,41.75,33.77,43.27,39.73,17.83,64.19,30.38,49.99,78.76,57.55
784,ARE,United Arab Emirates,58.9,67.88,72.93,63.27,29.81,52.92,74.67,,56.76,27.12,54.55,96.87,0,81.55,65.14,69.24,67.63,58.9,29.81,100,71.92,71.99,82.54,12.77,81.06,,67.67,45.85,0,53.57,48.95,33,99.34,86.17,22.93,96.87,0
826,GBR,United Kingdom,79.89,96.03,94.43,100,93.09,69.13,96.69,6.9,42.16,63.06,82.87,99.82,57.34,87.89,100,97.57,100,100,93.09,100,100,100,100,74.95,91.97,6.9,77.46,6.87,57.11,44.58,93.06,50.07,89.4,73.91,91.84,99.82,57.34
840,USA,United States of America,71.19,93.91,97.52,90.92,64.99,56.04,70.93,8.84,57.58,45.81,50.46,92.57,72.38,100,99.01,92.71,81.84,100,64.99,100,59.25,69.44,71.81,24.61,83.71,8.84,66.91,48.26,44.04,46.3,43.07,43.2,75.21,47.64,53.29,92.57,72.38
858,URY,Uruguay,64.65,84.72,87.49,83.37,56.76,51.27,49.7,0,61.37,79.01,0.01,58.85,62.38,69.63,100,98.79,89.27,77.47,56.76,83.42,48.98,48.98,26.52,9.38,71.81,0,58.69,64.05,70.93,94.25,100,83.62,10.31,0,0.01,58.85,62.38
860,UZB,Uzbekistan,45.88,50.67,44.79,64.12,46.3,42.69,30.96,64.55,,49.18,71.45,0,46.47,29.65,50.68,59.09,57.31,70.93,46.3,,19.81,38.39,27.17,2.12,74.84,64.55,,,47.88,40.59,50,46.19,96.24,75.64,67.26,0,46.47
548,VUT,Vanuatu,44.55,50.46,61.05,28.73,43.22,40.61,35.58,41.31,52.07,28.41,73.32,58.45,13.48,2.62,100,100,28.31,29.14,43.22,48.05,22.42,22.42,27.85,15.41,98.94,41.31,59.19,44.94,25.31,,28.92,26.86,71.39,65.42,81.21,58.45,13.48
862,VEN,Venezuela,63.89,75.74,90.39,50.39,37.32,55.99,96.21,32.23,56.16,37.8,27.99,80.74,17.6,76.03,100,99.93,52.4,48.38,37.32,88.77,99.95,99.99,97.87,100,88.94,32.23,12.32,100,29.39,23.02,70.54,56.58,31.3,32.47,23.52,80.74,17.6
704,VNM,Viet Nam,46.96,47.12,43.2,53.92,57.15,46.86,74.87,0,67.22,44.62,24.5,33.06,45.6,24.93,51.46,59.32,52.26,55.58,57.15,88.54,83.3,86.31,78.44,36.84,38.63,0,98.27,36.16,30.06,54.23,68.64,61.69,38.7,27.96,21.04,33.06,45.6
894,ZMB,Zambia,50.97,31.57,41.66,9.08,35.26,63.91,98.75,16.5,,51.67,77.09,65.61,28.2,5.57,62.38,69.06,8.97,9.19,35.26,,100,100,99.17,100,91.67,16.5,,,61.2,45.83,40.34,37.72,38.97,68.5,85.68,65.61,28.2
716,ZWE,Zimbabwe,43.41,40.58,53.52,12.19,42.65,45.3,94.53,6.94,,24.89,8.21,75.44,12.22,9.72,80.77,84.66,12.49,11.9,42.65,,99.74,99.12,93.8,79.89,91.06,6.94,,,24.28,17.73,39.34,26.51,0.18,7.25,9.16,75.44,12.22
