year,iso3c,value,indicator
2010,AFG,186.173219285199,ODA as % of GNI
2011,AFG,165.040788200928,ODA as % of GNI
2012,AFG,146.787656330327,ODA as % of GNI
2013,AFG,111.40958873008,ODA as % of GNI
2014,AFG,106.972166959732,ODA as % of GNI
2015,AFG,104.679694625523,ODA as % of GNI
2016,AFG,104.5132881153,ODA as % of GNI
2017,AFG,94.1225926672392,ODA as % of GNI
2018,AFG,93.9952625237344,ODA as % of GNI
2019,AFG,103.789460331556,ODA as % of GNI
2010,ALB,13.7062001411039,ODA as % of GNI
2011,ALB,12.0205872268382,ODA as % of GNI
2012,ALB,11.8912184031917,ODA as % of GNI
2013,ALB,7.87698073143598,ODA as % of GNI
2014,ALB,8.31610636325246,ODA as % of GNI
2015,ALB,12.2699510000897,ODA as % of GNI
2016,ALB,5.85805974177763,ODA as % of GNI
2017,ALB,5.39079087099022,ODA as % of GNI
2018,ALB,9.41866132244073,ODA as % of GNI
2019,ALB,1.083218861341,ODA as % of GNI
2010,DZA,0.58126798743595,ODA as % of GNI
2011,DZA,0.429086981254107,ODA as % of GNI
2012,DZA,0.336962883254221,ODA as % of GNI
2013,DZA,0.409828511342062,ODA as % of GNI
2014,DZA,0.340641384596306,ODA as % of GNI
2015,DZA,0.265463964458673,ODA as % of GNI
2016,DZA,0.512064207442149,ODA as % of GNI
2017,DZA,0.553650103161101,ODA as % of GNI
2018,DZA,0.435292081817648,ODA as % of GNI
2019,DZA,0.546000063268588,ODA as % of GNI
2010,AGO,1.29269399308617,ODA as % of GNI
2011,AGO,0.752278615786253,ODA as % of GNI
2012,AGO,0.863709756525669,ODA as % of GNI
2013,AGO,0.923729072903656,ODA as % of GNI
2014,AGO,0.692653945227391,ODA as % of GNI
2015,AGO,1.48484589247653,ODA as % of GNI
2016,AGO,0.92049625343981,ODA as % of GNI
2017,AGO,0.828511511623627,ODA as % of GNI
2018,AGO,0.687723510263613,ODA as % of GNI
2019,AGO,0.123435383425651,ODA as % of GNI
2010,AIA,11.744358738784,ODA as % of GNI
2011,AIA,0.627033130041893,ODA as % of GNI
2012,AIA,7.21011768999362,ODA as % of GNI
2013,AIA,11.8237564742002,ODA as % of GNI
2010,ATG,6.36122371799551,ODA as % of GNI
2011,ATG,4.43580629338208,ODA as % of GNI
2012,ATG,0.629208553497508,ODA as % of GNI
2013,ATG,0.507309039810264,ODA as % of GNI
2014,ATG,0.753504148744611,ODA as % of GNI
2015,ATG,0.48399681194681,ODA as % of GNI
2016,ATG,0.0829361227539403,ODA as % of GNI
2017,ATG,2.82195908650153,ODA as % of GNI
2018,ATG,4.14030780550756,ODA as % of GNI
2019,ATG,6.60521060650929,ODA as % of GNI
2010,ARG,0.137616963463839,ODA as % of GNI
2011,ARG,0.0823371299108126,ODA as % of GNI
2012,ARG,0.130685376528342,ODA as % of GNI
2013,ARG,0.0303168085011253,ODA as % of GNI
2014,ARG,0.0426265945645045,ODA as % of GNI
2015,ARG,-0.00909880327465662,ODA as % of GNI
2016,ARG,0.00260063409522106,ODA as % of GNI
2017,ARG,-0.00739787933499465,ODA as % of GNI
2018,ARG,0.0380370632902346,ODA as % of GNI
2019,ARG,-0.0252556769906663,ODA as % of GNI
2010,ARM,12.981357195678,ODA as % of GNI
2011,ARM,13.7816809783787,ODA as % of GNI
2012,ARM,10.7555929619109,ODA as % of GNI
2013,ARM,10.0377656257299,ODA as % of GNI
2014,ARM,9.47232748279497,ODA as % of GNI
2015,ARM,14.4049087879011,ODA as % of GNI
2016,ARM,14.8253210696699,ODA as % of GNI
2017,ARM,10.5714119391513,ODA as % of GNI
2018,ARM,5.35524583918547,ODA as % of GNI
2019,ARM,12.3297656194352,ODA as % of GNI
2010,AZE,1.33913726948916,ODA as % of GNI
2011,AZE,1.66805626934662,ODA as % of GNI
2012,AZE,1.50728559785283,ODA as % of GNI
2013,AZE,-0.742476310082506,ODA as % of GNI
2014,AZE,1.13587426586291,ODA as % of GNI
2015,AZE,0.554407961281535,ODA as % of GNI
2016,AZE,0.733126087202375,ODA as % of GNI
2017,AZE,1.21337820114291,ODA as % of GNI
2018,AZE,0.735322120306898,ODA as % of GNI
2019,AZE,1.15605470656721,ODA as % of GNI
2010,BGD,4.81288513157982,ODA as % of GNI
2011,BGD,4.62809565135482,ODA as % of GNI
2012,BGD,6.57828279460234,ODA as % of GNI
2013,BGD,6.80062806341218,ODA as % of GNI
2014,BGD,5.67305926923857,ODA as % of GNI
2015,BGD,5.91561955021378,ODA as % of GNI
2016,BGD,5.10732347365774,ODA as % of GNI
2017,BGD,6.787274883549,ODA as % of GNI
2018,BGD,5.48235429383713,ODA as % of GNI
2019,BGD,6.37812157858429,ODA as % of GNI
2010,BRB,1.32209096962987,ODA as % of GNI
2010,BLR,1.09974687692341,ODA as % of GNI
2011,BLR,0.8156538700793,ODA as % of GNI
2012,BLR,0.701434692004178,ODA as % of GNI
2013,BLR,0.614803484382428,ODA as % of GNI
2014,BLR,0.64503383520276,ODA as % of GNI
2015,BLR,0.923604201662704,ODA as % of GNI
2016,BLR,0.198908628828229,ODA as % of GNI
2017,BLR,-1.07686003839961,ODA as % of GNI
2018,BLR,0.923157834075788,ODA as % of GNI
2019,BLR,1.49924446148921,ODA as % of GNI
2010,BLZ,7.70502616279357,ODA as % of GNI
2011,BLZ,5.8390040576896,ODA as % of GNI
2012,BLZ,7.46720058018598,ODA as % of GNI
2013,BLZ,13.9558113073623,ODA as % of GNI
2014,BLZ,9.31286057916989,ODA as % of GNI
2015,BLZ,7.58323603028957,ODA as % of GNI
2016,BLZ,9.00177381456413,ODA as % of GNI
2017,BLZ,8.51519010202001,ODA as % of GNI
2018,BLZ,7.20057888441826,ODA as % of GNI
2019,BLZ,8.53980451608934,ODA as % of GNI
2010,BEN,44.8778400554673,ODA as % of GNI
2011,BEN,35.7350116229645,ODA as % of GNI
2012,BEN,25.1984876871904,ODA as % of GNI
2013,BEN,26.7811033802038,ODA as % of GNI
2014,BEN,21.9625886917936,ODA as % of GNI
2015,BEN,18.9351893750166,ODA as % of GNI
2016,BEN,20.8177683821263,ODA as % of GNI
2017,BEN,25.2523247258817,ODA as % of GNI
2018,BEN,18.3192605266099,ODA as % of GNI
2019,BEN,19.8350296910251,ODA as % of GNI
2010,BTN,24.1857973388561,ODA as % of GNI
2011,BTN,26.2573485307125,ODA as % of GNI
2012,BTN,37.4428882262225,ODA as % of GNI
2013,BTN,33.1496149215506,ODA as % of GNI
2014,BTN,29.0460435698589,ODA as % of GNI
2015,BTN,23.6674720544351,ODA as % of GNI
2016,BTN,10.7641789506785,ODA as % of GNI
2017,BTN,23.9928359206996,ODA as % of GNI
2018,BTN,21.1656328775699,ODA as % of GNI
2019,BTN,34.5112951345563,ODA as % of GNI
2010,BOL,13.0685922435684,ODA as % of GNI
2011,BOL,9.81420160901887,ODA as % of GNI
2012,BOL,11.5598263466923,ODA as % of GNI
2013,BOL,10.5634148294373,ODA as % of GNI
2014,BOL,9.40782275900365,ODA as % of GNI
2015,BOL,12.2213364751556,ODA as % of GNI
2016,BOL,10.3713942564261,ODA as % of GNI
2017,BOL,13.0186683011754,ODA as % of GNI
2018,BOL,8.70486213553981,ODA as % of GNI
2019,BOL,8.83834782332405,ODA as % of GNI
2010,BIH,12.3801284844148,ODA as % of GNI
2011,BIH,12.7420365446524,ODA as % of GNI
2012,BIH,12.9037059733018,ODA as % of GNI
2013,BIH,10.705882440687,ODA as % of GNI
2014,BIH,12.3001418111651,ODA as % of GNI
2015,BIH,9.324631926315,ODA as % of GNI
2016,BIH,11.3765484697533,ODA as % of GNI
2017,BIH,10.6778742541929,ODA as % of GNI
2018,BIH,6.89858491800359,ODA as % of GNI
2019,BIH,9.14005402528917,ODA as % of GNI
2010,BWA,5.49692533902608,ODA as % of GNI
2011,BWA,3.3683059699093,ODA as % of GNI
2012,BWA,2.23306803042763,ODA as % of GNI
2013,BWA,3.16868575111605,ODA as % of GNI
2014,BWA,2.53337820399671,ODA as % of GNI
2015,BWA,2.02024437545593,ODA as % of GNI
2016,BWA,2.65166329459471,ODA as % of GNI
2017,BWA,2.65530367414599,ODA as % of GNI
2018,BWA,2.07403963865948,ODA as % of GNI
2019,BWA,1.6189621897911,ODA as % of GNI
2010,BRA,0.117159780080958,ODA as % of GNI
2011,BRA,0.137733909576821,ODA as % of GNI
2012,BRA,0.275753012388551,ODA as % of GNI
2013,BRA,0.157274320495038,ODA as % of GNI
2014,BRA,0.184823154966142,ODA as % of GNI
2015,BRA,0.287473294244764,ODA as % of GNI
2016,BRA,0.210684826953867,ODA as % of GNI
2017,BRA,0.0842352126944822,ODA as % of GNI
2018,BRA,0.120676815540487,ODA as % of GNI
2019,BRA,0.0907086004687909,ODA as % of GNI
2010,BFA,47.3330506180347,ODA as % of GNI
2011,BFA,36.1756824391907,ODA as % of GNI
2012,BFA,40.6544638141227,ODA as % of GNI
2013,BFA,33.9517590685601,ODA as % of GNI
2014,BFA,35.9508877896456,ODA as % of GNI
2015,BFA,43.1319864605706,ODA as % of GNI
2016,BFA,40.953607072704,ODA as % of GNI
2017,BFA,31.6403043305288,ODA as % of GNI
2018,BFA,34.5005096099667,ODA as % of GNI
2019,BFA,33.5407024689424,ODA as % of GNI
2010,BDI,135.605685186742,ODA as % of GNI
2011,BDI,96.2913177434124,ODA as % of GNI
2012,BDI,81.2326734550385,ODA as % of GNI
2013,BDI,83.3320155373328,ODA as % of GNI
2014,BDI,71.4630600432243,ODA as % of GNI
2015,BDI,56.6708514786705,ODA as % of GNI
2016,BDI,108.882370003358,ODA as % of GNI
2017,BDI,62.4578782203967,ODA as % of GNI
2018,BDI,65.2921368050042,ODA as % of GNI
2019,BDI,84.0047330615864,ODA as % of GNI
2010,CIV,15.6519029030584,ODA as % of GNI
2011,CIV,23.7216905054642,ODA as % of GNI
2012,CIV,46.4680300938875,ODA as % of GNI
2013,CIV,14.6846752020957,ODA as % of GNI
2014,CIV,8.61492749837659,ODA as % of GNI
2015,CIV,6.89796679076533,ODA as % of GNI
2016,CIV,6.06388055600963,ODA as % of GNI
2017,CIV,7.7955184686975,ODA as % of GNI
2018,CIV,8.19323333531676,ODA as % of GNI
2019,CIV,10.4262923037821,ODA as % of GNI
2010,CPV,93.5930720523766,ODA as % of GNI
2011,CPV,59.0586981392036,ODA as % of GNI
2012,CPV,68.9201217688783,ODA as % of GNI
2013,CPV,61.462255972988,ODA as % of GNI
2014,CPV,58.5478192314543,ODA as % of GNI
2015,CPV,49.1659801670668,ODA as % of GNI
2016,CPV,33.2559542335512,ODA as % of GNI
2017,CPV,35.0865022050712,ODA as % of GNI
2018,CPV,18.8858725014591,ODA as % of GNI
2019,CPV,37.029982866939,ODA as % of GNI
2010,KHM,26.0667564585342,ODA as % of GNI
2011,KHM,20.430066133299,ODA as % of GNI
2012,KHM,23.2138302057351,ODA as % of GNI
2013,KHM,21.8435585846878,ODA as % of GNI
2014,KHM,20.1253611846807,ODA as % of GNI
2015,KHM,17.8795086406272,ODA as % of GNI
2016,KHM,16.9110020385475,ODA as % of GNI
2017,KHM,17.9669343244798,ODA as % of GNI
2018,KHM,14.3051811660628,ODA as % of GNI
2019,KHM,17.2725407401706,ODA as % of GNI
2010,CMR,9.57140386834098,ODA as % of GNI
2011,CMR,9.86825426455526,ODA as % of GNI
2012,CMR,9.4856824394539,ODA as % of GNI
2013,CMR,10.9597518146382,ODA as % of GNI
2014,CMR,11.3112493615525,ODA as % of GNI
2015,CMR,11.2117739092893,ODA as % of GNI
2016,CMR,12.6073913824838,ODA as % of GNI
2017,CMR,17.2694783388058,ODA as % of GNI
2018,CMR,14.8334266814899,ODA as % of GNI
2019,CMR,17.1655182245353,ODA as % of GNI
2010,CAF,51.0437413790029,ODA as % of GNI
2011,CAF,43.7090028734078,ODA as % of GNI
2012,CAF,38.1337672424828,ODA as % of GNI
2013,CAF,48.7749271104241,ODA as % of GNI
2014,CAF,133.065408837808,ODA as % of GNI
2015,CAF,135.302809601655,ODA as % of GNI
2016,CAF,127.416512527303,ODA as % of GNI
2017,CAF,108.427908142855,ODA as % of GNI
2018,CAF,123.19205449821,ODA as % of GNI
2019,CAF,140.041374177116,ODA as % of GNI
2010,TCD,20.445997234168,ODA as % of GNI
2011,TCD,14.8742659152307,ODA as % of GNI
2012,TCD,14.3380157077437,ODA as % of GNI
2013,TCD,13.939243816465,ODA as % of GNI
2014,TCD,10.9868036500433,ODA as % of GNI
2015,TCD,24.9469989056613,ODA as % of GNI
2016,TCD,27.9828922476125,ODA as % of GNI
2017,TCD,30.0895435431354,ODA as % of GNI
2018,TCD,34.1742569502416,ODA as % of GNI
2019,TCD,26.2480729538001,ODA as % of GNI
2010,CHL,0.41642907011913,ODA as % of GNI
2011,CHL,0.292264840433739,ODA as % of GNI
2012,CHL,0.21837059787804,ODA as % of GNI
2013,CHL,0.134194289516446,ODA as % of GNI
2014,CHL,0.488356093525702,ODA as % of GNI
2015,CHL,0.118881775988636,ODA as % of GNI
2016,CHL,0.449796499307427,ODA as % of GNI
2017,CHL,0.138093925147388,ODA as % of GNI
2010,CHN,0.0613122627544528,ODA as % of GNI
2011,CHN,-0.0265585516158361,ODA as % of GNI
2012,CHN,0.00942534350901694,ODA as % of GNI
2013,CHN,-0.0240364054437959,ODA as % of GNI
2014,CHN,-0.0354343268621601,ODA as % of GNI
2015,CHN,-0.0051627153782976,ODA as % of GNI
2016,CHN,-0.0217772698004632,ODA as % of GNI
2017,CHN,-0.0306336892496251,ODA as % of GNI
2018,CHN,-0.0177429459057346,ODA as % of GNI
2019,CHN,-0.0103612262784839,ODA as % of GNI
2010,COL,1.15044377451216,ODA as % of GNI
2011,COL,1.4191592240035,ODA as % of GNI
2012,COL,0.978337930423421,ODA as % of GNI
2013,COL,1.04046217105016,ODA as % of GNI
2014,COL,1.55832178596037,ODA as % of GNI
2015,COL,2.50896389824427,ODA as % of GNI
2016,COL,2.03493967147523,ODA as % of GNI
2017,COL,1.48600876751793,ODA as % of GNI
2018,COL,2.93292827444086,ODA as % of GNI
2019,COL,1.14652872479172,ODA as % of GNI
2010,COM,32.3417828568015,ODA as % of GNI
2011,COM,23.299114697204,ODA as % of GNI
2012,COM,42.8576466748021,ODA as % of GNI
2013,COM,32.9678737243803,ODA as % of GNI
2014,COM,29.0379536311195,ODA as % of GNI
2015,COM,34.1447172843794,ODA as % of GNI
2016,COM,26.5965948731034,ODA as % of GNI
2017,COM,30.6150326038295,ODA as % of GNI
2018,COM,31.0903854574682,ODA as % of GNI
2019,COM,26.9191101274872,ODA as % of GNI
2010,COG,67.9353264647413,ODA as % of GNI
2011,COG,10.3494835409585,ODA as % of GNI
2012,COG,4.53301187460505,ODA as % of GNI
2013,COG,4.91151581122591,ODA as % of GNI
2014,COG,2.98062960443294,ODA as % of GNI
2015,COG,4.05123969330051,ODA as % of GNI
2016,COG,4.71251280212228,ODA as % of GNI
2017,COG,5.34197990456135,ODA as % of GNI
2018,COG,5.65519982798212,ODA as % of GNI
2019,COG,8.17983880762488,ODA as % of GNI
2010,COK,17.4800755813576,ODA as % of GNI
2011,COK,25.7013038878068,ODA as % of GNI
2012,COK,20.3787134201939,ODA as % of GNI
2013,COK,14.3844327579481,ODA as % of GNI
2014,COK,23.9721713517941,ODA as % of GNI
2015,COK,28.2188909230432,ODA as % of GNI
2016,COK,17.9114018853797,ODA as % of GNI
2017,COK,16.7530361751448,ODA as % of GNI
2018,COK,28.2150760291437,ODA as % of GNI
2019,COK,22.2317423531587,ODA as % of GNI
2010,CRI,1.08921205138196,ODA as % of GNI
2011,CRI,0.397991051695119,ODA as % of GNI
2012,CRI,0.335499969056772,ODA as % of GNI
2013,CRI,0.284531368101813,ODA as % of GNI
2014,CRI,0.486095887777041,ODA as % of GNI
2015,CRI,1.01231867133327,ODA as % of GNI
2016,CRI,0.886345886910844,ODA as % of GNI
2017,CRI,0.747671297215204,ODA as % of GNI
2018,CRI,0.740451513719249,ODA as % of GNI
2019,CRI,0.416733684887999,ODA as % of GNI
2010,HRV,0.953709815959365,ODA as % of GNI
2011,HRV,0.00237449624162234,ODA as % of GNI
2010,CUB,0.883299414907148,ODA as % of GNI
2011,CUB,0.503541132997674,ODA as % of GNI
2012,CUB,0.448493332963712,ODA as % of GNI
2013,CUB,0.504486658095663,ODA as % of GNI
2014,CUB,0.949134443858195,ODA as % of GNI
2015,CUB,2.59763120926051,ODA as % of GNI
2016,CUB,15.0376418089381,ODA as % of GNI
2017,CUB,3.18827179565446,ODA as % of GNI
2018,CUB,2.8542325758671,ODA as % of GNI
2019,CUB,1.60777444122884,ODA as % of GNI
2010,PRK,2.19897648033555,ODA as % of GNI
2011,PRK,2.49756068098011,ODA as % of GNI
2012,PRK,2.12888998318382,ODA as % of GNI
2013,PRK,2.14175010601428,ODA as % of GNI
2014,PRK,2.86256834612687,ODA as % of GNI
2015,PRK,3.09388954124392,ODA as % of GNI
2016,PRK,2.83357429767707,ODA as % of GNI
2017,PRK,2.79611320804486,ODA as % of GNI
2018,PRK,2.42419785940334,ODA as % of GNI
2019,PRK,2.84078595973445,ODA as % of GNI
2010,COD,78.6292438314,ODA as % of GNI
2011,COD,103.112733048382,ODA as % of GNI
2012,COD,46.8080359021203,ODA as % of GNI
2013,COD,37.7131249616599,ODA as % of GNI
2014,COD,29.6440903459151,ODA as % of GNI
2015,COD,32.8861521056844,ODA as % of GNI
2016,COD,25.731403169185,ODA as % of GNI
2017,COD,29.5992921505758,ODA as % of GNI
2018,COD,25.153538836721,ODA as % of GNI
2019,COD,27.7827355807639,ODA as % of GNI
2010,DJI,41.8058867881552,ODA as % of GNI
2011,DJI,37.8048054086123,ODA as % of GNI
2012,DJI,33.8141423109608,ODA as % of GNI
2013,DJI,29.6562682481408,ODA as % of GNI
2014,DJI,29.4750850507836,ODA as % of GNI
2015,DJI,31.8956483417295,ODA as % of GNI
2016,DJI,29.7596115492151,ODA as % of GNI
2017,DJI,22.2568692407537,ODA as % of GNI
2018,DJI,24.8944981433381,ODA as % of GNI
2019,DJI,33.2556634861959,ODA as % of GNI
2010,DMA,25.591399493818,ODA as % of GNI
2011,DMA,18.3630747853405,ODA as % of GNI
2012,DMA,25.7192837872509,ODA as % of GNI
2013,DMA,17.7526625963913,ODA as % of GNI
2014,DMA,14.5334038759802,ODA as % of GNI
2015,DMA,9.75915221579961,ODA as % of GNI
2016,DMA,5.45226730310262,ODA as % of GNI
2017,DMA,16.1941920867755,ODA as % of GNI
2018,DMA,18.8353553789993,ODA as % of GNI
2019,DMA,36.4006594565216,ODA as % of GNI
2010,DOM,1.56765538648885,ODA as % of GNI
2011,DOM,1.99140710454299,ODA as % of GNI
2012,DOM,2.1450866766604,ODA as % of GNI
2013,DOM,1.00089834368279,ODA as % of GNI
2014,DOM,1.05152542597853,ODA as % of GNI
2015,DOM,2.28474340484138,ODA as % of GNI
2016,DOM,1.16400236955368,ODA as % of GNI
2017,DOM,1.03591340598567,ODA as % of GNI
2018,DOM,0.714144183177331,ODA as % of GNI
2019,DOM,0.646118272267776,ODA as % of GNI
2010,ECU,1.11208866409983,ODA as % of GNI
2011,ECU,1.01074907372553,ODA as % of GNI
2012,ECU,0.746263106291278,ODA as % of GNI
2013,ECU,0.701361416915978,ODA as % of GNI
2014,ECU,0.746083468702175,ODA as % of GNI
2015,ECU,1.60132294499547,ODA as % of GNI
2016,ECU,1.23002829815887,ODA as % of GNI
2017,ECU,0.93789202474377,ODA as % of GNI
2018,ECU,1.74505268072201,ODA as % of GNI
2019,ECU,2.45488798168421,ODA as % of GNI
2010,EGY,1.26929542376465,ODA as % of GNI
2011,EGY,0.835272366893075,ODA as % of GNI
2012,EGY,2.28054324205154,ODA as % of GNI
2013,EGY,5.91998548731715,ODA as % of GNI
2014,EGY,3.45813971106817,ODA as % of GNI
2015,EGY,2.74499542377524,ODA as % of GNI
2016,EGY,3.17650001936821,ODA as % of GNI
2017,EGY,0.326437100819366,ODA as % of GNI
2018,EGY,2.80833601245312,ODA as % of GNI
2019,EGY,2.05519991036206,ODA as % of GNI
2010,SLV,7.17208612137205,ODA as % of GNI
2011,SLV,6.66302453971094,ODA as % of GNI
2012,SLV,4.81690966048919,ODA as % of GNI
2013,SLV,3.42739943556346,ODA as % of GNI
2014,SLV,1.87535667714747,ODA as % of GNI
2015,SLV,1.77659311862936,ODA as % of GNI
2016,SLV,2.59275965840127,ODA as % of GNI
2017,SLV,2.87064404785269,ODA as % of GNI
2018,SLV,4.3464924861739,ODA as % of GNI
2019,SLV,5.05135032035865,ODA as % of GNI
2010,GNQ,4.58201988324479,ODA as % of GNI
2011,GNQ,0.743964608836998,ODA as % of GNI
2012,GNQ,0.422595022568138,ODA as % of GNI
2013,GNQ,0.123436344982384,ODA as % of GNI
2014,GNQ,0.0269078927599766,ODA as % of GNI
2015,GNQ,0.322084679889396,ODA as % of GNI
2016,GNQ,0.325368389259975,ODA as % of GNI
2017,GNQ,0.290920409351266,ODA as % of GNI
2018,GNQ,0.2447402124235,ODA as % of GNI
2019,GNQ,2.62758277826822,ODA as % of GNI
2010,ERI,40.1595662602905,ODA as % of GNI
2011,ERI,24.5746274319465,ODA as % of GNI
2012,ERI,21.4292403223334,ODA as % of GNI
2013,ERI,17.0306712264921,ODA as % of GNI
2014,ERI,12.9693121339502,ODA as % of GNI
2015,ERI,18.1972937385893,ODA as % of GNI
2016,ERI,13.1181749894682,ODA as % of GNI
2017,ERI,16.8382994049009,ODA as % of GNI
2018,ERI,16.9665088608779,ODA as % of GNI
2019,ERI,45.9954585244927,ODA as % of GNI
2010,SWZ,10.0957143575997,ODA as % of GNI
2011,SWZ,11.8097021165001,ODA as % of GNI
2012,SWZ,9.29584453321533,ODA as % of GNI
2013,SWZ,11.7675226858291,ODA as % of GNI
2014,SWZ,8.86074105963025,ODA as % of GNI
2015,SWZ,10.7971739552371,ODA as % of GNI
2016,SWZ,19.0479211389434,ODA as % of GNI
2017,SWZ,16.3795846430869,ODA as % of GNI
2018,SWZ,12.4640532394536,ODA as % of GNI
2019,SWZ,8.27009955992597,ODA as % of GNI
2010,ETH,60.873708465966,ODA as % of GNI
2011,ETH,52.3778028630737,ODA as % of GNI
2012,ETH,35.0862870385817,ODA as % of GNI
2013,ETH,37.4231688135744,ODA as % of GNI
2014,ETH,29.275468400222,ODA as % of GNI
2015,ETH,24.8232247407079,ODA as % of GNI
2016,ETH,27.8665657448853,ODA as % of GNI
2017,ETH,26.2340080981124,ODA as % of GNI
2018,ETH,29.0720845198993,ODA as % of GNI
2019,ETH,24.1652359892364,ODA as % of GNI
2010,FJI,7.92418333304779,ODA as % of GNI
2011,FJI,5.79400235871101,ODA as % of GNI
2012,FJI,7.84604588552567,ODA as % of GNI
2013,FJI,6.73651814972676,ODA as % of GNI
2014,FJI,6.27238292311816,ODA as % of GNI
2015,FJI,8.63436982520241,ODA as % of GNI
2016,FJI,8.91468213742183,ODA as % of GNI
2017,FJI,10.7989442913495,ODA as % of GNI
2018,FJI,7.94829835991026,ODA as % of GNI
2019,FJI,9.05642519588855,ODA as % of GNI
2010,GAB,3.9126588714618,ODA as % of GNI
2011,GAB,1.87739369249345,ODA as % of GNI
2012,GAB,2.28608395523452,ODA as % of GNI
2013,GAB,2.79405726692479,ODA as % of GNI
2014,GAB,3.43670943671506,ODA as % of GNI
2015,GAB,4.29845519287877,ODA as % of GNI
2016,GAB,1.61239213061428,ODA as % of GNI
2017,GAB,4.33806258752856,ODA as % of GNI
2018,GAB,4.08801739759671,ODA as % of GNI
2019,GAB,4.51267279761613,ODA as % of GNI
2010,GMB,32.7364672316695,ODA as % of GNI
2011,GMB,38.4569558872615,ODA as % of GNI
2012,GMB,42.6023437415857,ODA as % of GNI
2013,GMB,33.8180146670354,ODA as % of GNI
2014,GMB,35.1947454369027,ODA as % of GNI
2015,GMB,34.8554549175725,ODA as % of GNI
2016,GMB,30.8628937114659,ODA as % of GNI
2017,GMB,87.5181262367347,ODA as % of GNI
2018,GMB,60.0792917243875,ODA as % of GNI
2019,GMB,44.7289622212105,ODA as % of GNI
2010,GEO,22.0546893197324,ODA as % of GNI
2011,GEO,15.6452589453111,ODA as % of GNI
2012,GEO,18.0939172310496,ODA as % of GNI
2013,GEO,15.7135362185263,ODA as % of GNI
2014,GEO,13.1776017546649,ODA as % of GNI
2015,GEO,14.050500024413,ODA as % of GNI
2016,GEO,14.6556811073109,ODA as % of GNI
2017,GEO,12.3692619823489,ODA as % of GNI
2018,GEO,15.5107903253627,ODA as % of GNI
2019,GEO,13.9459937813515,ODA as % of GNI
2010,GHA,18.671695172326,ODA as % of GNI
2011,GHA,15.8335301415038,ODA as % of GNI
2012,GHA,14.9497616242036,ODA as % of GNI
2013,GHA,9.65118714531465,ODA as % of GNI
2014,GHA,9.72460825878398,ODA as % of GNI
2015,GHA,17.5041110381775,ODA as % of GNI
2016,GHA,11.739352088298,ODA as % of GNI
2017,GHA,10.5817481235372,ODA as % of GNI
2018,GHA,7.47764340787735,ODA as % of GNI
2019,GHA,6.43796642811772,ODA as % of GNI
2010,GRD,18.311204769841,ODA as % of GNI
2011,GRD,5.12531117039741,ODA as % of GNI
2012,GRD,4.0073145245559,ODA as % of GNI
2013,GRD,6.66195906206293,ODA as % of GNI
2014,GRD,19.0573905271058,ODA as % of GNI
2015,GRD,12.6728401557403,ODA as % of GNI
2016,GRD,3.99703772072172,ODA as % of GNI
2017,GRD,3.39472049387181,ODA as % of GNI
2018,GRD,14.7324146854496,ODA as % of GNI
2019,GRD,5.79438258166967,ODA as % of GNI
2010,GTM,4.39563647781552,ODA as % of GNI
2011,GTM,3.22087393962638,ODA as % of GNI
2012,GTM,2.68758156696437,ODA as % of GNI
2013,GTM,4.32238366496111,ODA as % of GNI
2014,GTM,2.07025759823904,ODA as % of GNI
2015,GTM,3.19922511179699,ODA as % of GNI
2016,GTM,1.84446992831064,ODA as % of GNI
2017,GTM,2.26610682748663,ODA as % of GNI
2018,GTM,2.41586207182999,ODA as % of GNI
2019,GTM,2.26656178936665,ODA as % of GNI
2010,GIN,14.2981975503763,ODA as % of GNI
2011,GIN,12.9609930483058,ODA as % of GNI
2012,GIN,39.8359004518423,ODA as % of GNI
2013,GIN,25.8771175097779,ODA as % of GNI
2014,GIN,28.1070680598256,ODA as % of GNI
2015,GIN,27.7068827054954,ODA as % of GNI
2016,GIN,30.369290198169,ODA as % of GNI
2017,GIN,20.4625417609779,ODA as % of GNI
2018,GIN,26.5822187878215,ODA as % of GNI
2019,GIN,21.2230908259518,ODA as % of GNI
2010,GNB,63.0199925657179,ODA as % of GNI
2011,GNB,44.9360899001183,ODA as % of GNI
2012,GNB,33.8389266472404,ODA as % of GNI
2013,GNB,41.5554675897329,ODA as % of GNI
2014,GNB,41.2999834563496,ODA as % of GNI
2015,GNB,40.7139160319544,ODA as % of GNI
2016,GNB,88.2637279098368,ODA as % of GNI
2017,GNB,38.0499393055454,ODA as % of GNI
2018,GNB,49.9382150046801,ODA as % of GNI
2019,GNB,35.8766319457414,ODA as % of GNI
2010,GUY,11.2666244229948,ODA as % of GNI
2011,GUY,9.54658126332132,ODA as % of GNI
2012,GUY,12.1006082036061,ODA as % of GNI
2013,GUY,10.6217707328843,ODA as % of GNI
2014,GUY,12.0483601573279,ODA as % of GNI
2015,GUY,3.43946062760646,ODA as % of GNI
2016,GUY,6.52702504266478,ODA as % of GNI
2017,GUY,4.71545606924701,ODA as % of GNI
2018,GUY,9.59173564246845,ODA as % of GNI
2019,GUY,8.34087665307413,ODA as % of GNI
2010,HTI,185.915228258724,ODA as % of GNI
2011,HTI,82.8031743139909,ODA as % of GNI
2012,HTI,69.2231997555148,ODA as % of GNI
2013,HTI,58.2710991639063,ODA as % of GNI
2014,HTI,52.1761144950318,ODA as % of GNI
2015,HTI,56.7160348048514,ODA as % of GNI
2016,HTI,63.6160995775828,ODA as % of GNI
2017,HTI,50.8385739031512,ODA as % of GNI
2018,HTI,47.1844958244495,ODA as % of GNI
2019,HTI,38.0249486453456,ODA as % of GNI
2010,HND,14.0473381907717,ODA as % of GNI
2011,HND,8.98750916076062,ODA as % of GNI
2012,HND,14.4549410693111,ODA as % of GNI
2013,HND,15.6612354573966,ODA as % of GNI
2014,HND,14.6956710149224,ODA as % of GNI
2015,HND,13.1587354862631,ODA as % of GNI
2016,HND,9.37482053037241,ODA as % of GNI
2017,HND,9.1082512156811,ODA as % of GNI
2018,HND,13.429482701007,ODA as % of GNI
2019,HND,8.27049696272426,ODA as % of GNI
2010,IND,0.790900927921387,ODA as % of GNI
2011,IND,0.782522014234125,ODA as % of GNI
2012,IND,0.385634958077963,ODA as % of GNI
2013,IND,0.59210793377597,ODA as % of GNI
2014,IND,0.684534486598725,ODA as % of GNI
2015,IND,0.775827804315892,ODA as % of GNI
2016,IND,0.571433833660994,ODA as % of GNI
2017,IND,0.596276478332402,ODA as % of GNI
2018,IND,0.413407463642712,ODA as % of GNI
2019,IND,0.424709739613317,ODA as % of GNI
2010,IDN,0.73382118157651,ODA as % of GNI
2011,IDN,0.142189389289038,ODA as % of GNI
2012,IDN,-0.0137403014069124,ODA as % of GNI
2013,IDN,-0.0698030739972768,ODA as % of GNI
2014,IDN,-0.253093015327252,ODA as % of GNI
2015,IDN,-0.0286651843588923,ODA as % of GNI
2016,IDN,0.036591283046683,ODA as % of GNI
2017,IDN,0.162856232321872,ODA as % of GNI
2018,IDN,0.573653073566792,ODA as % of GNI
2019,IDN,-0.305947580459152,ODA as % of GNI
2010,IRN,0.105945210302599,ODA as % of GNI
2011,IRN,0.0838241981170375,ODA as % of GNI
2012,IRN,0.113757974854345,ODA as % of GNI
2013,IRN,0.110991513586659,ODA as % of GNI
2014,IRN,0.0890296404851564,ODA as % of GNI
2015,IRN,0.159792224531776,ODA as % of GNI
2016,IRN,0.154162002732601,ODA as % of GNI
2017,IRN,0.163448351159168,ODA as % of GNI
2018,IRN,0.182232430688755,ODA as % of GNI
2019,IRN,0.171993749659139,ODA as % of GNI
2010,IRQ,6.93739253018777,ODA as % of GNI
2011,IRQ,4.30151708824438,ODA as % of GNI
2012,IRQ,2.34873812147191,ODA as % of GNI
2013,IRQ,2.62328431104484,ODA as % of GNI
2014,IRQ,2.4953570633386,ODA as % of GNI
2015,IRQ,4.1295336832508,ODA as % of GNI
2016,IRQ,6.3864799430507,ODA as % of GNI
2017,IRQ,7.41772207914655,ODA as % of GNI
2018,IRQ,4.83537299383297,ODA as % of GNI
2019,IRQ,4.32523660330712,ODA as % of GNI
2010,JAM,4.18253531090126,ODA as % of GNI
2011,JAM,1.24447816452186,ODA as % of GNI
2012,JAM,0.938833266424403,ODA as % of GNI
2013,JAM,1.84763063721219,ODA as % of GNI
2014,JAM,2.670900862894,ODA as % of GNI
2015,JAM,1.91484173179791,ODA as % of GNI
2016,JAM,0.98541750087057,ODA as % of GNI
2017,JAM,1.94369019957522,ODA as % of GNI
2018,JAM,2.97142426893522,ODA as % of GNI
2019,JAM,3.88383928010573,ODA as % of GNI
2010,JOR,15.37166075035,ODA as % of GNI
2011,JOR,13.6727181887002,ODA as % of GNI
2012,JOR,16.6370137562769,ODA as % of GNI
2013,JOR,16.7858230268351,ODA as % of GNI
2014,JOR,28.3611773635969,ODA as % of GNI
2015,JOR,24.8108564282798,ODA as % of GNI
2016,JOR,31.8897085236311,ODA as % of GNI
2017,JOR,31.3673722759251,ODA as % of GNI
2018,JOR,26.2960509410255,ODA as % of GNI
2019,JOR,27.447253368513,ODA as % of GNI
2010,KAZ,0.612365202999843,ODA as % of GNI
2011,KAZ,0.375785400417162,ODA as % of GNI
2012,KAZ,0.261586613474344,ODA as % of GNI
2013,KAZ,0.117071695435422,ODA as % of GNI
2014,KAZ,0.160204660551435,ODA as % of GNI
2015,KAZ,0.203450030263131,ODA as % of GNI
2016,KAZ,0.217193647356421,ODA as % of GNI
2017,KAZ,0.188368699589425,ODA as % of GNI
2018,KAZ,0.197243641965384,ODA as % of GNI
2019,KAZ,0.150972972971632,ODA as % of GNI
2010,KEN,19.3689676786266,ODA as % of GNI
2011,KEN,26.07295128903,ODA as % of GNI
2012,KEN,23.554946950054,ODA as % of GNI
2013,KEN,26.6892866159934,ODA as % of GNI
2014,KEN,19.6421807779608,ODA as % of GNI
2015,KEN,18.8775763026138,ODA as % of GNI
2016,KEN,15.3554815973091,ODA as % of GNI
2017,KEN,15.3219100443336,ODA as % of GNI
2018,KEN,13.4867526131862,ODA as % of GNI
2019,KEN,16.2533794223499,ODA as % of GNI
2010,KIR,30.7109487459094,ODA as % of GNI
2011,KIR,65.1968663587898,ODA as % of GNI
2012,KIR,61.5373467557871,ODA as % of GNI
2013,KIR,65.7558198499503,ODA as % of GNI
2014,KIR,79.9052903711118,ODA as % of GNI
2015,KIR,69.6654697943236,ODA as % of GNI
2016,KIR,68.7694024662447,ODA as % of GNI
2017,KIR,85.9078658776555,ODA as % of GNI
2018,KIR,81.7534461182418,ODA as % of GNI
2019,KIR,53.6566073631004,ODA as % of GNI
2010,KGZ,31.5141503922658,ODA as % of GNI
2011,KGZ,28.6148980258733,ODA as % of GNI
2012,KGZ,26.2245727528583,ODA as % of GNI
2013,KGZ,26.1869444528139,ODA as % of GNI
2014,KGZ,29.2074987294784,ODA as % of GNI
2015,KGZ,46.2606073076073,ODA as % of GNI
2016,KGZ,33.0360679019507,ODA as % of GNI
2017,KGZ,25.4153509585968,ODA as % of GNI
2018,KGZ,21.8287575671846,ODA as % of GNI
2019,KGZ,22.3941636848606,ODA as % of GNI
2010,LAO,21.7940395667703,ODA as % of GNI
2011,LAO,16.1782926362881,ODA as % of GNI
2012,LAO,16.126356701562,ODA as % of GNI
2013,LAO,14.2233667094376,ODA as % of GNI
2014,LAO,14.0186258211309,ODA as % of GNI
2015,LAO,14.1221886891054,ODA as % of GNI
2016,LAO,11.0059429771263,ODA as % of GNI
2017,LAO,12.3876641434075,ODA as % of GNI
2018,LAO,13.8632386691362,ODA as % of GNI
2019,LAO,14.5361772515,ODA as % of GNI
2010,LBN,5.15275523271211,ODA as % of GNI
2011,LBN,4.89417945902153,ODA as % of GNI
2012,LBN,7.14517578732884,ODA as % of GNI
2013,LBN,5.32366684518423,ODA as % of GNI
2014,LBN,7.22414441448021,ODA as % of GNI
2015,LBN,8.94796226036645,ODA as % of GNI
2016,LBN,11.4894513393873,ODA as % of GNI
2017,LBN,11.5921532218024,ODA as % of GNI
2018,LBN,11.4248377584456,ODA as % of GNI
2019,LBN,11.0150626445401,ODA as % of GNI
2010,LSO,37.9261328313544,ODA as % of GNI
2011,LSO,33.6599370470247,ODA as % of GNI
2012,LSO,39.2705097396709,ODA as % of GNI
2013,LSO,48.4013254131259,ODA as % of GNI
2014,LSO,14.8935486294441,ODA as % of GNI
2015,LSO,13.6309228470388,ODA as % of GNI
2016,LSO,20.3517369600029,ODA as % of GNI
2017,LSO,23.1931591148258,ODA as % of GNI
2018,LSO,22.2781061863628,ODA as % of GNI
2019,LSO,21.2749484220927,ODA as % of GNI
2010,LBR,551.981534108035,ODA as % of GNI
2011,LBR,230.676078767131,ODA as % of GNI
2012,LBR,157.577169665082,ODA as % of GNI
2013,LBR,134.684051199593,ODA as % of GNI
2014,LBR,180.084661864366,ODA as % of GNI
2015,LBR,202.798389153985,ODA as % of GNI
2016,LBR,146.587636664568,ODA as % of GNI
2017,LBR,110.524925757258,ODA as % of GNI
2018,LBR,108.971853158565,ODA as % of GNI
2019,LBR,115.344150541704,ODA as % of GNI
2010,LBY,0.060844780280906,ODA as % of GNI
2011,LBY,6.08736513364057,ODA as % of GNI
2012,LBY,0.41461061440579,ODA as % of GNI
2013,LBY,0.829456021626251,ODA as % of GNI
2014,LBY,2.45924071131504,ODA as % of GNI
2015,LBY,3.78993758241559,ODA as % of GNI
2016,LBY,5.70111424550534,ODA as % of GNI
2017,LBY,9.52325342225769,ODA as % of GNI
2018,LBY,4.09462290435265,ODA as % of GNI
2019,LBY,4.26245051602237,ODA as % of GNI
2010,MDG,21.706846707435,ODA as % of GNI
2011,MDG,16.7091320675757,ODA as % of GNI
2012,MDG,14.3509154517958,ODA as % of GNI
2013,MDG,17.6231165319057,ODA as % of GNI
2014,MDG,20.3518778405396,ODA as % of GNI
2015,MDG,30.0105839263809,ODA as % of GNI
2016,MDG,26.136367311317,ODA as % of GNI
2017,MDG,28.306608580698,ODA as % of GNI
2018,MDG,25.4564609397035,ODA as % of GNI
2019,MDG,24.540061781164,ODA as % of GNI
2010,MWI,65.7317935875171,ODA as % of GNI
2011,MWI,42.4861652795814,ODA as % of GNI
2012,MWI,86.9557062502808,ODA as % of GNI
2013,MWI,89.842276267173,ODA as % of GNI
2014,MWI,66.3627806734592,ODA as % of GNI
2015,MWI,78.3149708246293,ODA as % of GNI
2016,MWI,107.053216673176,ODA as % of GNI
2017,MWI,112.3115060702,ODA as % of GNI
2018,MWI,78.589337860495,ODA as % of GNI
2019,MWI,65.9341392922304,ODA as % of GNI
2010,MYS,0.0175654485763894,ODA as % of GNI
2011,MYS,0.0682416220518103,ODA as % of GNI
2012,MYS,0.031267417930151,ODA as % of GNI
2013,MYS,-0.126645762333859,ODA as % of GNI
2014,MYS,0.0227272791530455,ODA as % of GNI
2015,MYS,0.00841939924114036,ODA as % of GNI
2016,MYS,-0.0526600745540007,ODA as % of GNI
2017,MYS,-0.0152005757851819,ODA as % of GNI
2018,MYS,-0.023729644794202,ODA as % of GNI
2019,MYS,0.0120772944418382,ODA as % of GNI
2010,MDV,14.6899995678454,ODA as % of GNI
2011,MDV,7.30888355594313,ODA as % of GNI
2012,MDV,8.43147032688914,ODA as % of GNI
2013,MDV,2.8001129610535,ODA as % of GNI
2014,MDV,2.69282853670854,ODA as % of GNI
2015,MDV,3.21209550983582,ODA as % of GNI
2016,MDV,2.80735864321862,ODA as % of GNI
2017,MDV,4.56165267308689,ODA as % of GNI
2018,MDV,8.46526725291717,ODA as % of GNI
2019,MDV,5.20179000215487,ODA as % of GNI
2010,MLI,48.0961673090735,ODA as % of GNI
2011,MLI,42.4567592710963,ODA as % of GNI
2012,MLI,36.2022457823601,ODA as % of GNI
2013,MLI,45.7415094444119,ODA as % of GNI
2014,MLI,36.5952863678361,ODA as % of GNI
2015,MLI,45.5709790346886,ODA as % of GNI
2016,MLI,40.8135515017382,ODA as % of GNI
2017,MLI,42.2405654761864,ODA as % of GNI
2018,MLI,41.734750672677,ODA as % of GNI
2019,MLI,47.3527391296996,ODA as % of GNI
2010,MHL,46.7200949663731,ODA as % of GNI
2011,MHL,173.620157407112,ODA as % of GNI
2012,MHL,159.407880503537,ODA as % of GNI
2013,MHL,174.453418331096,ODA as % of GNI
2014,MHL,99.4581522606387,ODA as % of GNI
2015,MHL,95.7278536949867,ODA as % of GNI
2016,MHL,18.6171658303331,ODA as % of GNI
2017,MHL,106.140207924376,ODA as % of GNI
2018,MHL,85.2860362461107,ODA as % of GNI
2019,MHL,95.3313661152887,ODA as % of GNI
2010,MRT,28.4197465816297,ODA as % of GNI
2011,MRT,23.4694553571633,ODA as % of GNI
2012,MRT,26.7406248793113,ODA as % of GNI
2013,MRT,17.3835111220313,ODA as % of GNI
2014,MRT,16.466325187811,ODA as % of GNI
2015,MRT,23.3230971111106,ODA as % of GNI
2016,MRT,21.1772404175325,ODA as % of GNI
2017,MRT,19.6522691186107,ODA as % of GNI
2018,MRT,24.8889208371813,ODA as % of GNI
2019,MRT,22.8365453826559,ODA as % of GNI
2010,MUS,5.69157312770948,ODA as % of GNI
2011,MUS,7.35419512290755,ODA as % of GNI
2012,MUS,6.96749789283457,ODA as % of GNI
2013,MUS,5.2206634333395,ODA as % of GNI
2014,MUS,2.2796098520882,ODA as % of GNI
2015,MUS,3.44900910317922,ODA as % of GNI
2016,MUS,1.54464156126341,ODA as % of GNI
2017,MUS,0.480901742579932,ODA as % of GNI
2018,MUS,2.44004595936572,ODA as % of GNI
2019,MUS,0.08546119253162,ODA as % of GNI
2010,MEX,0.228423665472406,ODA as % of GNI
2011,MEX,0.406374488892798,ODA as % of GNI
2012,MEX,0.174642112595818,ODA as % of GNI
2013,MEX,0.239233766598615,ODA as % of GNI
2014,MEX,0.308639509567449,ODA as % of GNI
2015,MEX,0.140050191609698,ODA as % of GNI
2016,MEX,0.426952360234191,ODA as % of GNI
2017,MEX,0.370200950342675,ODA as % of GNI
2018,MEX,0.230469685327616,ODA as % of GNI
2019,MEX,0.24111781574076,ODA as % of GNI
2010,MDA,25.7836297741793,ODA as % of GNI
2011,MDA,19.312388778661,ODA as % of GNI
2012,MDA,19.9425382469326,ODA as % of GNI
2013,MDA,13.1197560352277,ODA as % of GNI
2014,MDA,19.0674829771837,ODA as % of GNI
2015,MDA,16.7151597232151,ODA as % of GNI
2016,MDA,13.379485460207,ODA as % of GNI
2017,MDA,9.9812602642913,ODA as % of GNI
2018,MDA,8.57981424417821,ODA as % of GNI
2019,MDA,10.9020871303696,ODA as % of GNI
2010,MNG,17.8219188193843,ODA as % of GNI
2011,MNG,13.8781490155689,ODA as % of GNI
2012,MNG,15.7243583885296,ODA as % of GNI
2013,MNG,14.4599292796814,ODA as % of GNI
2014,MNG,10.9250281111176,ODA as % of GNI
2015,MNG,9.56172085921397,ODA as % of GNI
2016,MNG,12.8471214956489,ODA as % of GNI
2017,MNG,33.3164843856845,ODA as % of GNI
2018,MNG,11.0251454194228,ODA as % of GNI
2019,MNG,10.4075289617285,ODA as % of GNI
2010,MNE,8.22304697867094,ODA as % of GNI
2011,MNE,10.2260118153327,ODA as % of GNI
2012,MNE,9.85633666483501,ODA as % of GNI
2013,MNE,9.95248219557894,ODA as % of GNI
2014,MNE,7.8369154119234,ODA as % of GNI
2015,MNE,10.1963474852143,ODA as % of GNI
2016,MNE,8.63991790785994,ODA as % of GNI
2017,MNE,9.15008295496264,ODA as % of GNI
2018,MNE,10.8958847215838,ODA as % of GNI
2019,MNE,6.64426999151188,ODA as % of GNI
2010,MSR,253.928801661772,ODA as % of GNI
2011,MSR,419.588079551751,ODA as % of GNI
2012,MSR,351.833944440992,ODA as % of GNI
2013,MSR,503.150888529887,ODA as % of GNI
2014,MSR,327.236965344989,ODA as % of GNI
2015,MSR,458.598175708113,ODA as % of GNI
2016,MSR,369.614375865529,ODA as % of GNI
2017,MSR,372.268774699458,ODA as % of GNI
2018,MSR,370.121607605675,ODA as % of GNI
2019,MSR,308.269358003699,ODA as % of GNI
2010,MAR,4.70889845906951,ODA as % of GNI
2011,MAR,6.30517258128432,ODA as % of GNI
2012,MAR,6.90226910214083,ODA as % of GNI
2013,MAR,8.26555770506933,ODA as % of GNI
2014,MAR,8.76014367038505,ODA as % of GNI
2015,MAR,7.47668830113907,ODA as % of GNI
2016,MAR,9.60025331529277,ODA as % of GNI
2017,MAR,9.02368974248115,ODA as % of GNI
2018,MAR,2.98507868392013,ODA as % of GNI
2019,MAR,3.00435111874078,ODA as % of GNI
2010,MOZ,80.8502047706773,ODA as % of GNI
2011,MOZ,62.8677819956803,ODA as % of GNI
2012,MOZ,54.5902247983564,ODA as % of GNI
2013,MOZ,58.8285542360769,ODA as % of GNI
2014,MOZ,51.4953006986726,ODA as % of GNI
2015,MOZ,55.1316875852541,ODA as % of GNI
2016,MOZ,61.8599323266852,ODA as % of GNI
2017,MOZ,63.1368170386358,ODA as % of GNI
2018,MOZ,55.6596793309702,ODA as % of GNI
2019,MOZ,55.141103131179,ODA as % of GNI
2010,MMR,3.36582524394191,ODA as % of GNI
2011,MMR,2.42585395849379,ODA as % of GNI
2012,MMR,2.97119272765394,ODA as % of GNI
2013,MMR,24.9807095342837,ODA as % of GNI
2014,MMR,8.84155091831624,ODA as % of GNI
2015,MMR,8.20455631148597,ODA as % of GNI
2016,MMR,10.104089252767,ODA as % of GNI
2017,MMR,10.0905165968452,ODA as % of GNI
2018,MMR,10.0808699575605,ODA as % of GNI
2019,MMR,11.8021977380755,ODA as % of GNI
2010,NAM,10.7517961843603,ODA as % of GNI
2011,NAM,10.2796822919732,ODA as % of GNI
2012,NAM,9.22415633675123,ODA as % of GNI
2013,NAM,9.32844214925774,ODA as % of GNI
2014,NAM,7.86470127759582,ODA as % of GNI
2015,NAM,6.31330559343631,ODA as % of GNI
2016,NAM,8.37939358483792,ODA as % of GNI
2017,NAM,7.31651087126805,ODA as % of GNI
2018,NAM,5.49857035829385,ODA as % of GNI
2019,NAM,5.88297655831464,ODA as % of GNI
2010,NRU,124.181725261177,ODA as % of GNI
2011,NRU,97.2771531115666,ODA as % of GNI
2012,NRU,71.3115209902049,ODA as % of GNI
2013,NRU,58.5764452654477,ODA as % of GNI
2014,NRU,49.3331576635315,ODA as % of GNI
2015,NRU,92.4851429320476,ODA as % of GNI
2016,NRU,59.5724761317329,ODA as % of GNI
2017,NRU,51.7512133022672,ODA as % of GNI
2018,NRU,78.2536488066564,ODA as % of GNI
2019,NRU,122.116006502255,ODA as % of GNI
2010,NPL,20.2012319050419,ODA as % of GNI
2011,NPL,16.4578044379774,ODA as % of GNI
2012,NPL,18.0880575246434,ODA as % of GNI
2013,NPL,20.6727224990096,ODA as % of GNI
2014,NPL,18.9833104452366,ODA as % of GNI
2015,NPL,26.7599446103451,ODA as % of GNI
2016,NPL,23.7226721570757,ODA as % of GNI
2017,NPL,23.1568538525402,ODA as % of GNI
2018,NPL,23.907527147507,ODA as % of GNI
2019,NPL,20.0947734935525,ODA as % of GNI
2010,NIC,26.2657741116436,ODA as % of GNI
2011,NIC,21.8301848897577,ODA as % of GNI
2012,NIC,22.6216165445236,ODA as % of GNI
2013,NIC,18.9923336261246,ODA as % of GNI
2014,NIC,15.6744868427185,ODA as % of GNI
2015,NIC,17.6770967054182,ODA as % of GNI
2016,NIC,15.3875561044263,ODA as % of GNI
2017,NIC,19.4275820210794,ODA as % of GNI
2018,NIC,11.7419016470437,ODA as % of GNI
2019,NIC,13.935929909844,ODA as % of GNI
2010,NER,42.1494372140975,ODA as % of GNI
2011,NER,31.8942409828214,ODA as % of GNI
2012,NER,41.8424120232876,ODA as % of GNI
2013,NER,32.9897666492145,ODA as % of GNI
2014,NER,34.7761074781134,ODA as % of GNI
2015,NER,41.9740895801737,ODA as % of GNI
2016,NER,44.5467123706632,ODA as % of GNI
2017,NER,52.581355805559,ODA as % of GNI
2018,NER,46.7300570802663,ODA as % of GNI
2019,NER,53.2607884862842,ODA as % of GNI
2010,NGA,2.86949186501205,ODA as % of GNI
2011,NGA,2.16187944939496,ODA as % of GNI
2012,NGA,2.0254941958162,ODA as % of GNI
2013,NGA,2.38615670327352,ODA as % of GNI
2014,NGA,2.10052184992754,ODA as % of GNI
2015,NGA,2.5307857115324,ODA as % of GNI
2016,NGA,3.36450074777954,ODA as % of GNI
2017,NGA,4.83124849206278,ODA as % of GNI
2018,NGA,4.09509027297328,ODA as % of GNI
2019,NGA,3.63614735734759,ODA as % of GNI
2010,MKD,7.684677072199,ODA as % of GNI
2011,MKD,7.04764665333467,ODA as % of GNI
2012,MKD,6.3559131879333,ODA as % of GNI
2013,MKD,7.69805886714169,ODA as % of GNI
2014,MKD,7.27125487830345,ODA as % of GNI
2015,MKD,8.56828182772023,ODA as % of GNI
2016,MKD,6.30769178305829,ODA as % of GNI
2017,MKD,5.21776980450151,ODA as % of GNI
2018,MKD,5.1888683642094,ODA as % of GNI
2019,MKD,4.35068742059083,ODA as % of GNI
2010,OMN,-0.0912923930241711,ODA as % of GNI
2010,PAK,7.08558725617903,ODA as % of GNI
2011,PAK,7.04341425880732,ODA as % of GNI
2012,PAK,3.79551484070403,ODA as % of GNI
2013,PAK,4.05553329070999,ODA as % of GNI
2014,PAK,6.08545244298593,ODA as % of GNI
2015,PAK,6.44642807068282,ODA as % of GNI
2016,PAK,4.99878682957691,ODA as % of GNI
2017,PAK,3.70242321506339,ODA as % of GNI
2018,PAK,2.18746079688853,ODA as % of GNI
2019,PAK,3.5723359186694,ODA as % of GNI
2010,PLW,58.8884003564152,ODA as % of GNI
2011,PLW,48.0220622566805,ODA as % of GNI
2012,PLW,18.9317967970292,ODA as % of GNI
2013,PLW,56.7274424045719,ODA as % of GNI
2014,PLW,35.9037480124326,ODA as % of GNI
2015,PLW,17.5987200514136,ODA as % of GNI
2016,PLW,23.0972132380803,ODA as % of GNI
2017,PLW,30.9691781016822,ODA as % of GNI
2018,PLW,114.416683125562,ODA as % of GNI
2019,PLW,33.6168708646055,ODA as % of GNI
2010,PAN,1.73510233134622,ODA as % of GNI
2011,PAN,1.17862967064098,ODA as % of GNI
2012,PAN,0.572116256576074,ODA as % of GNI
2013,PAN,0.0558956435001538,ODA as % of GNI
2014,PAN,-1.52867243229862,ODA as % of GNI
2015,PAN,0.0902691613059496,ODA as % of GNI
2016,PAN,0.195923624501893,ODA as % of GNI
2017,PAN,0.391574467149288,ODA as % of GNI
2018,PAN,0.33629676461953,ODA as % of GNI
2019,PAN,0.600351017047684,ODA as % of GNI
2010,PNG,11.3071471791295,ODA as % of GNI
2011,PNG,9.3413149385572,ODA as % of GNI
2012,PNG,8.99582256423153,ODA as % of GNI
2013,PNG,9.65733000559647,ODA as % of GNI
2014,PNG,7.52506709917432,ODA as % of GNI
2015,PNG,9.68670304263694,ODA as % of GNI
2016,PNG,9.10696652536845,ODA as % of GNI
2017,PNG,7.74758153813042,ODA as % of GNI
2018,PNG,12.0715547658928,ODA as % of GNI
2019,PNG,8.9744571700799,ODA as % of GNI
2010,PRY,1.82222114703431,ODA as % of GNI
2011,PRY,1.05613618918036,ODA as % of GNI
2012,PRY,1.50606844024606,ODA as % of GNI
2013,PRY,1.53116039293676,ODA as % of GNI
2014,PRY,0.697311869439911,ODA as % of GNI
2015,PRY,0.767069124308129,ODA as % of GNI
2016,PRY,1.10833987586647,ODA as % of GNI
2017,PRY,1.62098277670376,ODA as % of GNI
2018,PRY,1.74803484027447,ODA as % of GNI
2019,PRY,1.45644808338201,ODA as % of GNI
2010,PER,-0.340357291200012,ODA as % of GNI
2011,PER,1.67464587714633,ODA as % of GNI
2012,PER,0.984127238959801,ODA as % of GNI
2013,PER,0.844032272588728,ODA as % of GNI
2014,PER,0.733679174825331,ODA as % of GNI
2015,PER,0.86947433261727,ODA as % of GNI
2016,PER,0.819954726587107,ODA as % of GNI
2017,PER,0.744456413708236,ODA as % of GNI
2018,PER,1.61403817165745,ODA as % of GNI
2019,PER,1.12068253809516,ODA as % of GNI
2010,PHL,1.08259302584319,ODA as % of GNI
2011,PHL,-0.0756107151418865,ODA as % of GNI
2012,PHL,0.0328248289829228,ODA as % of GNI
2013,PHL,0.189816539664937,ODA as % of GNI
2014,PHL,0.734315075599042,ODA as % of GNI
2015,PHL,0.573506560865562,ODA as % of GNI
2016,PHL,0.330100797278916,ODA as % of GNI
2017,PHL,0.144257350255773,ODA as % of GNI
2018,PHL,0.526332458694227,ODA as % of GNI
2019,PHL,0.799088502053511,ODA as % of GNI
2010,RWA,77.5860111301802,ODA as % of GNI
2011,RWA,81.9694461279701,ODA as % of GNI
2012,RWA,50.2970682487817,ODA as % of GNI
2013,RWA,62.0024867600408,ODA as % of GNI
2014,RWA,55.217784241002,ODA as % of GNI
2015,RWA,63.3467910270873,ODA as % of GNI
2016,RWA,65.1369623069455,ODA as % of GNI
2017,RWA,64.1005618697791,ODA as % of GNI
2018,RWA,55.0940858947125,ODA as % of GNI
2019,RWA,54.4619346209619,ODA as % of GNI
2010,KNA,5.91184497679469,ODA as % of GNI
2011,KNA,6.87843242668877,ODA as % of GNI
2012,KNA,11.2885571565207,ODA as % of GNI
2013,KNA,13.5579309840081,ODA as % of GNI
2010,LCA,11.7460179761155,ODA as % of GNI
2011,LCA,8.28711454801199,ODA as % of GNI
2012,LCA,6.78989388689752,ODA as % of GNI
2013,LCA,6.72401888085808,ODA as % of GNI
2014,LCA,5.08332508835725,ODA as % of GNI
2015,LCA,4.03114877954437,ODA as % of GNI
2016,LCA,4.14820803889093,ODA as % of GNI
2017,LCA,3.86434508192097,ODA as % of GNI
2018,LCA,2.05550417970012,ODA as % of GNI
2019,LCA,7.28523326405228,ODA as % of GNI
2010,VCT,9.53138149444125,ODA as % of GNI
2011,VCT,9.22408015548557,ODA as % of GNI
2012,VCT,4.415714938328,ODA as % of GNI
2013,VCT,4.71361454134682,ODA as % of GNI
2014,VCT,5.06168300092384,ODA as % of GNI
2015,VCT,7.80147392678913,ODA as % of GNI
2016,VCT,4.8726580162654,ODA as % of GNI
2017,VCT,5.58261573920275,ODA as % of GNI
2018,VCT,8.11963267662969,ODA as % of GNI
2019,VCT,45.5658442520974,ODA as % of GNI
2010,WSM,63.1804625686911,ODA as % of GNI
2011,WSM,36.1859916928974,ODA as % of GNI
2012,WSM,48.6876691482795,ODA as % of GNI
2013,WSM,51.3796645741097,ODA as % of GNI
2014,WSM,39.5690947355624,ODA as % of GNI
2015,WSM,47.7906422516798,ODA as % of GNI
2016,WSM,42.0115507400086,ODA as % of GNI
2017,WSM,67.85710953094,ODA as % of GNI
2018,WSM,59.8674921824039,ODA as % of GNI
2019,WSM,59.9083810280238,ODA as % of GNI
2010,STP,111.42955852448,ODA as % of GNI
2011,STP,135.406191762819,ODA as % of GNI
2012,STP,90.4317293319722,ODA as % of GNI
2013,STP,75.1782264423007,ODA as % of GNI
2014,STP,48.2944371682018,ODA as % of GNI
2015,STP,75.6050237225594,ODA as % of GNI
2016,STP,64.1576676450419,ODA as % of GNI
2017,STP,48.5853180022456,ODA as % of GNI
2018,STP,56.6727715089257,ODA as % of GNI
2019,STP,57.287320403432,ODA as % of GNI
2010,SEN,26.5123642243245,ODA as % of GNI
2011,SEN,25.8670777896747,ODA as % of GNI
2012,SEN,29.0936261087749,ODA as % of GNI
2013,SEN,24.0523412634284,ODA as % of GNI
2014,SEN,25.9109412924029,ODA as % of GNI
2015,SEN,24.6117352743346,ODA as % of GNI
2016,SEN,19.2362012753892,ODA as % of GNI
2017,SEN,21.7344244604681,ODA as % of GNI
2018,SEN,20.6106662858722,ODA as % of GNI
2019,SEN,30.8512392728254,ODA as % of GNI
2010,SRB,7.0835557987081,ODA as % of GNI
2011,SRB,10.8675576816597,ODA as % of GNI
2012,SRB,10.0828566976319,ODA as % of GNI
2013,SRB,6.1097298758337,ODA as % of GNI
2014,SRB,2.93457783977434,ODA as % of GNI
2015,SRB,3.58017800166913,ODA as % of GNI
2016,SRB,6.69087163343969,ODA as % of GNI
2017,SRB,14.2659059288323,ODA as % of GNI
2018,SRB,8.19540155211022,ODA as % of GNI
2019,SRB,4.3788976290045,ODA as % of GNI
2010,SYC,24.585109368971,ODA as % of GNI
2011,SYC,8.75629700387722,ODA as % of GNI
2012,SYC,12.4076653393852,ODA as % of GNI
2013,SYC,7.93224718691651,ODA as % of GNI
2014,SYC,3.5559822006933,ODA as % of GNI
2015,SYC,2.33119601982253,ODA as % of GNI
2016,SYC,0.0318776835447902,ODA as % of GNI
2017,SYC,5.04329634722132,ODA as % of GNI
2010,SLE,78.0588010460286,ODA as % of GNI
2011,SLE,62.5483397894764,ODA as % of GNI
2012,SLE,50.2819288295053,ODA as % of GNI
2013,SLE,40.395526150167,ODA as % of GNI
2014,SLE,85.7565917243027,ODA as % of GNI
2015,SLE,107.602980593965,ODA as % of GNI
2016,SLE,87.9953492890949,ODA as % of GNI
2017,SLE,72.514706602687,ODA as % of GNI
2018,SLE,56.763373201143,ODA as % of GNI
2019,SLE,65.9398020103834,ODA as % of GNI
2010,SLB,180.895858457657,ODA as % of GNI
2011,SLB,129.989457613554,ODA as % of GNI
2012,SLB,91.4770057857063,ODA as % of GNI
2013,SLB,81.1154783413059,ODA as % of GNI
2014,SLB,54.876534980467,ODA as % of GNI
2015,SLB,62.1819574789509,ODA as % of GNI
2016,SLB,57.2697334294217,ODA as % of GNI
2017,SLB,52.4260724579314,ODA as % of GNI
2018,SLB,51.5275770388632,ODA as % of GNI
2019,SLB,62.0185133557655,ODA as % of GNI
2010,SOM,204.495967127355,ODA as % of GNI
2011,SOM,380.060239943481,ODA as % of GNI
2012,SOM,271.890245304951,ODA as % of GNI
2013,SOM,234.589851471326,ODA as % of GNI
2014,SOM,266.464625608764,ODA as % of GNI
2015,SOM,345.912715107148,ODA as % of GNI
2016,SOM,370.549216188165,ODA as % of GNI
2017,SOM,542.189843600825,ODA as % of GNI
2018,SOM,460.806917571598,ODA as % of GNI
2019,SOM,477.97428126917,ODA as % of GNI
2010,ZAF,1.28319134779965,ODA as % of GNI
2011,ZAF,1.5067710259824,ODA as % of GNI
2012,ZAF,1.210268910373,ODA as % of GNI
2013,ZAF,1.63867035254534,ODA as % of GNI
2014,ZAF,1.34584666005965,ODA as % of GNI
2015,ZAF,2.33194525874557,ODA as % of GNI
2016,ZAF,2.0636120360975,ODA as % of GNI
2017,ZAF,1.35813890186397,ODA as % of GNI
2018,ZAF,1.15974051361738,ODA as % of GNI
2019,ZAF,1.33883444302664,ODA as % of GNI
2011,SSD,7.47121807212036,ODA as % of GNI
2012,SSD,35.3713728023346,ODA as % of GNI
2013,SSD,35.6609381079027,ODA as % of GNI
2014,SSD,54.7503616537318,ODA as % of GNI
2015,SSD,122.066770584934,ODA as % of GNI
2016,SSD,243.999365453125,ODA as % of GNI
2017,SSD,286.375587457733,ODA as % of GNI
2018,SSD,162.009626428524,ODA as % of GNI
2019,SSD,161.271266432894,ODA as % of GNI
2010,LKA,3.73076480887764,ODA as % of GNI
2011,LKA,3.33926477170073,ODA as % of GNI
2012,LKA,2.52560970443527,ODA as % of GNI
2013,LKA,2.09840344965931,ODA as % of GNI
2014,LKA,2.42831679942892,ODA as % of GNI
2015,LKA,2.46993607586266,ODA as % of GNI
2016,LKA,2.10903591477375,ODA as % of GNI
2017,LKA,1.58530678302471,ODA as % of GNI
2018,LKA,-0.665772793804127,ODA as % of GNI
2019,LKA,0.934826702503143,ODA as % of GNI
2010,SDN,17.0499805836762,ODA as % of GNI
2011,SDN,10.7594152151145,ODA as % of GNI
2012,SDN,9.17639844423213,ODA as % of GNI
2013,SDN,10.5451331396307,ODA as % of GNI
2014,SDN,4.65871248722887,ODA as % of GNI
2015,SDN,5.02244984233766,ODA as % of GNI
2016,SDN,4.33568275529849,ODA as % of GNI
2017,SDN,3.26610836784976,ODA as % of GNI
2018,SDN,8.25222990344141,ODA as % of GNI
2019,SDN,15.8619907102832,ODA as % of GNI
2010,SUR,10.7186141098196,ODA as % of GNI
2011,SUR,8.18130210170061,ODA as % of GNI
2012,SUR,4.08070010772935,ODA as % of GNI
2013,SUR,2.83187346171208,ODA as % of GNI
2014,SUR,1.18002808619258,ODA as % of GNI
2015,SUR,1.67593023500329,ODA as % of GNI
2016,SUR,2.65212738034447,ODA as % of GNI
2017,SUR,3.21863548996157,ODA as % of GNI
2018,SUR,1.83320663744299,ODA as % of GNI
2019,SUR,2.90571195019073,ODA as % of GNI
2010,SYR,1.18569704761455,ODA as % of GNI
2011,SYR,0.984868132350804,ODA as % of GNI
2012,SYR,7.1230062911952,ODA as % of GNI
2013,SYR,37.7732461814301,ODA as % of GNI
2014,SYR,69.7549100925982,ODA as % of GNI
2015,SYR,136.025109340789,ODA as % of GNI
2016,SYR,442.590899801548,ODA as % of GNI
2017,SYR,280.982297548254,ODA as % of GNI
2018,SYR,262.047555595951,ODA as % of GNI
2019,SYR,236.672158745096,ODA as % of GNI
2010,TJK,23.0496563452697,ODA as % of GNI
2011,TJK,14.3704571862082,ODA as % of GNI
2012,TJK,16.6577268359157,ODA as % of GNI
2013,TJK,13.4775873306922,ODA as % of GNI
2014,TJK,12.0296268387662,ODA as % of GNI
2015,TJK,20.4447723106361,ODA as % of GNI
2016,TJK,19.6262608090411,ODA as % of GNI
2017,TJK,16.8724276726996,ODA as % of GNI
2018,TJK,19.0668819293354,ODA as % of GNI
2019,TJK,16.2354412892642,ODA as % of GNI
2010,TZA,43.755814181837,ODA as % of GNI
2010,TZA,1683.243253525,ODA as % of GNI
2011,TZA,31.0520860306531,ODA as % of GNI
2011,TZA,1215.36520519509,ODA as % of GNI
2012,TZA,31.8085023391871,ODA as % of GNI
2012,TZA,1236.86594811515,ODA as % of GNI
2013,TZA,32.8174464675581,ODA as % of GNI
2013,TZA,1299.25966938811,ODA as % of GNI
2014,TZA,23.1680090086478,ODA as % of GNI
2014,TZA,891.342088596604,ODA as % of GNI
2015,TZA,26.792023216494,ODA as % of GNI
2015,TZA,1072.48703967965,ODA as % of GNI
2016,TZA,22.7448242895437,ODA as % of GNI
2016,TZA,897.174545920894,ODA as % of GNI
2017,TZA,23.4171490997029,ODA as % of GNI
2017,TZA,861.671689212633,ODA as % of GNI
2018,TZA,19.7729330242484,ODA as % of GNI
2018,TZA,695.512062490203,ODA as % of GNI
2019,TZA,16.3608636800994,ODA as % of GNI
2019,TZA,553.918555317434,ODA as % of GNI
2010,THA,-0.00114743723112989,ODA as % of GNI
2011,THA,-0.153381678672826,ODA as % of GNI
2012,THA,-0.100001906716701,ODA as % of GNI
2013,THA,0.0378404770237337,ODA as % of GNI
2014,THA,0.373998259042289,ODA as % of GNI
2015,THA,0.067864893354733,ODA as % of GNI
2016,THA,0.230498356998955,ODA as % of GNI
2017,THA,0.250042462808093,ODA as % of GNI
2018,THA,-0.345589587120082,ODA as % of GNI
2019,THA,-0.252138327557658,ODA as % of GNI
2010,TLS,30.845192774676,ODA as % of GNI
2011,TLS,19.6770764894137,ODA as % of GNI
2012,TLS,22.0993722408178,ODA as % of GNI
2013,TLS,20.8521265834866,ODA as % of GNI
2014,TLS,26.14792073124,ODA as % of GNI
2015,TLS,30.9569474734393,ODA as % of GNI
2016,TLS,40.5778343869493,ODA as % of GNI
2017,TLS,39.5294436679705,ODA as % of GNI
2018,TLS,35.2073380556235,ODA as % of GNI
2019,TLS,33.3044488307039,ODA as % of GNI
2010,TGO,55.8096756547003,ODA as % of GNI
2011,TGO,52.268648080517,ODA as % of GNI
2012,TGO,25.1240238469772,ODA as % of GNI
2013,TGO,18.9639411468664,ODA as % of GNI
2014,TGO,16.9899100595574,ODA as % of GNI
2015,TGO,18.7588137495136,ODA as % of GNI
2016,TGO,13.5704954291354,ODA as % of GNI
2017,TGO,24.8420092317044,ODA as % of GNI
2018,TGO,21.1884774750133,ODA as % of GNI
2019,TGO,26.6491535995345,ODA as % of GNI
2010,TON,56.8753604410572,ODA as % of GNI
2011,TON,59.2053761565536,ODA as % of GNI
2012,TON,47.1695513236333,ODA as % of GNI
2013,TON,60.5072104173638,ODA as % of GNI
2014,TON,63.2469329358341,ODA as % of GNI
2015,TON,65.9547881426123,ODA as % of GNI
2016,TON,77.7291556270299,ODA as % of GNI
2017,TON,70.7786505648367,ODA as % of GNI
2018,TON,70.2252877657581,ODA as % of GNI
2019,TON,78.5475833702389,ODA as % of GNI
2010,TTO,0.0909404940883642,ODA as % of GNI
2010,TUN,5.84788548893012,ODA as % of GNI
2011,TUN,8.90972066867584,ODA as % of GNI
2012,TUN,10.1380700131939,ODA as % of GNI
2013,TUN,6.40287165100637,ODA as % of GNI
2014,TUN,7.02573147366774,ODA as % of GNI
2015,TUN,5.75154160258879,ODA as % of GNI
2016,TUN,7.88664572681067,ODA as % of GNI
2017,TUN,10.0640775339785,ODA as % of GNI
2018,TUN,9.17922913930272,ODA as % of GNI
2019,TUN,12.6735535879072,ODA as % of GNI
2010,TUR,0.506618840520875,ODA as % of GNI
2011,TUR,1.48507945219826,ODA as % of GNI
2012,TUR,1.3708290385967,ODA as % of GNI
2013,TUR,1.14807245026294,ODA as % of GNI
2014,TUR,1.45890941967907,ODA as % of GNI
2015,TUR,1.14191227005752,ODA as % of GNI
2016,TUR,1.95691320540944,ODA as % of GNI
2017,TUR,1.85917971707835,ODA as % of GNI
2018,TUR,0.75692746039293,ODA as % of GNI
2019,TUR,0.498223672972822,ODA as % of GNI
2010,TKM,0.701381857774478,ODA as % of GNI
2011,TKM,0.520178240068671,ODA as % of GNI
2012,TKM,0.402321825056334,ODA as % of GNI
2013,TKM,0.318367527045678,ODA as % of GNI
2014,TKM,0.292981297369565,ODA as % of GNI
2015,TKM,0.27552183278409,ODA as % of GNI
2016,TKM,0.347516509980951,ODA as % of GNI
2017,TKM,0.295088526900377,ODA as % of GNI
2018,TKM,0.214716839303655,ODA as % of GNI
2019,TKM,0.21854145157309,ODA as % of GNI
2010,TUV,82.8639680304502,ODA as % of GNI
2011,TUV,185.793664455487,ODA as % of GNI
2012,TUV,102.76752425226,ODA as % of GNI
2013,TUV,137.452209456197,ODA as % of GNI
2014,TUV,184.374984911712,ODA as % of GNI
2015,TUV,302.41804273831,ODA as % of GNI
2016,TUV,130.580569228276,ODA as % of GNI
2017,TUV,156.778235835265,ODA as % of GNI
2018,TUV,140.162816237909,ODA as % of GNI
2019,TUV,177.811870725131,ODA as % of GNI
2010,UGA,40.468202749429,ODA as % of GNI
2011,UGA,32.4759978827709,ODA as % of GNI
2012,UGA,30.1764677944874,ODA as % of GNI
2013,UGA,29.5867895335622,ODA as % of GNI
2014,UGA,25.9084541781162,ODA as % of GNI
2015,UGA,31.2626153304688,ODA as % of GNI
2016,UGA,33.0705882765676,ODA as % of GNI
2017,UGA,35.8605419303096,ODA as % of GNI
2018,UGA,30.4583980746184,ODA as % of GNI
2019,UGA,29.7776926264935,ODA as % of GNI
2010,UKR,2.10558492181327,ODA as % of GNI
2011,UKR,1.90655637174606,ODA as % of GNI
2012,UKR,1.77912003947518,ODA as % of GNI
2013,UKR,1.67558945068011,ODA as % of GNI
2014,UKR,4.18064334384173,ODA as % of GNI
2015,UKR,7.72747639710526,ODA as % of GNI
2016,UKR,7.27735385410337,ODA as % of GNI
2017,UKR,4.75192845618684,ODA as % of GNI
2018,UKR,4.07936138984276,ODA as % of GNI
2019,UKR,3.24957014164458,ODA as % of GNI
2010,URY,0.501521197356091,ODA as % of GNI
2011,URY,0.117304472240412,ODA as % of GNI
2012,URY,0.143737025045537,ODA as % of GNI
2013,URY,0.30059583362444,ODA as % of GNI
2014,URY,0.846090861778593,ODA as % of GNI
2015,URY,0.200832004216726,ODA as % of GNI
2016,URY,0.157280633096884,ODA as % of GNI
2017,URY,0.414039253609986,ODA as % of GNI
2010,UZB,1.65195883309023,ODA as % of GNI
2011,UZB,0.978963725454491,ODA as % of GNI
2012,UZB,1.72025019108044,ODA as % of GNI
2013,UZB,1.80645271445109,ODA as % of GNI
2014,UZB,1.75933676915561,ODA as % of GNI
2015,UZB,2.57359511026697,ODA as % of GNI
2016,UZB,2.61683718240546,ODA as % of GNI
2017,UZB,4.69707850722271,ODA as % of GNI
2018,UZB,9.37212752769076,ODA as % of GNI
2019,UZB,8.73228653317866,ODA as % of GNI
2010,VUT,52.682892296159,ODA as % of GNI
2011,VUT,31.3151149666561,ODA as % of GNI
2012,VUT,35.0227224273123,ODA as % of GNI
2013,VUT,33.3574674484459,ODA as % of GNI
2014,VUT,35.8890978302328,ODA as % of GNI
2015,VUT,89.1790426795381,ODA as % of GNI
2016,VUT,60.2524934776411,ODA as % of GNI
2017,VUT,58.152832896367,ODA as % of GNI
2018,VUT,55.627608205753,ODA as % of GNI
2019,VUT,57.5333386799345,ODA as % of GNI
2010,VEN,0.0627639989144982,ODA as % of GNI
2011,VEN,0.0695995830625294,ODA as % of GNI
2012,VEN,0.0619357226388313,ODA as % of GNI
2013,VEN,0.0488784865130558,ODA as % of GNI
2014,VEN,0.0541553413421119,ODA as % of GNI
2015,VEN,0.0564197422667125,ODA as % of GNI
2016,VEN,0.0778256077530839,ODA as % of GNI
2017,VEN,0.179862621504804,ODA as % of GNI
2018,VEN,0.34182256422943,ODA as % of GNI
2019,VEN,0.892950572841743,ODA as % of GNI
2010,VNM,10.6496586900533,ODA as % of GNI
2011,VNM,9.99043785769653,ODA as % of GNI
2012,VNM,10.6783626079255,ODA as % of GNI
2013,VNM,10.4158433235646,ODA as % of GNI
2014,VNM,10.1105629265897,ODA as % of GNI
2015,VNM,8.08777507837307,ODA as % of GNI
2016,VNM,6.66786105111305,ODA as % of GNI
2017,VNM,5.14679452625131,ODA as % of GNI
2018,VNM,3.16951673989223,ODA as % of GNI
2019,VNM,2.06706265059876,ODA as % of GNI
2010,PSE,103.205065852188,ODA as % of GNI
2011,PSE,82.0458000736284,ODA as % of GNI
2012,PSE,60.7148747601108,ODA as % of GNI
2013,PSE,71.7194292645035,ODA as % of GNI
2014,PSE,62.6698680868391,ODA as % of GNI
2015,PSE,52.644917372233,ODA as % of GNI
2016,PSE,59.866655877372,ODA as % of GNI
2017,PSE,50.9515254422961,ODA as % of GNI
2018,PSE,48.3342338136478,ODA as % of GNI
2019,PSE,47.8576138115719,ODA as % of GNI
2010,YEM,10.2404380921962,ODA as % of GNI
2011,YEM,7.04444378032796,ODA as % of GNI
2012,YEM,9.83513634080329,ODA as % of GNI
2013,YEM,13.8675695778366,ODA as % of GNI
2014,YEM,15.422637316918,ODA as % of GNI
2015,YEM,24.5000802597555,ODA as % of GNI
2016,YEM,38.3049835725656,ODA as % of GNI
2017,YEM,64.3069072689418,ODA as % of GNI
2018,YEM,101.806457899601,ODA as % of GNI
2019,YEM,57.8555413809717,ODA as % of GNI
2010,ZMB,21.720951536225,ODA as % of GNI
2011,ZMB,19.3988889318599,ODA as % of GNI
2012,ZMB,16.6386695487209,ODA as % of GNI
2013,ZMB,18.0074590348639,ODA as % of GNI
2014,ZMB,17.3300702964914,ODA as % of GNI
2015,ZMB,18.3450352507073,ODA as % of GNI
2016,ZMB,22.4596278986236,ODA as % of GNI
2017,ZMB,18.8521417010043,ODA as % of GNI
2018,ZMB,16.4930917120058,ODA as % of GNI
2019,ZMB,18.6306847939553,ODA as % of GNI
2010,ZWE,29.4626928989624,ODA as % of GNI
2011,ZWE,24.8785810470961,ODA as % of GNI
2012,ZWE,28.7928409134611,ODA as % of GNI
2013,ZWE,19.9492553395419,ODA as % of GNI
2014,ZWE,18.3371752328716,ODA as % of GNI
2015,ZWE,19.9805132687181,ODA as % of GNI
2016,ZWE,16.6810203439697,ODA as % of GNI
2017,ZWE,16.8286247760684,ODA as % of GNI
2018,ZWE,15.6147659702122,ODA as % of GNI
2019,ZWE,19.189349890756,ODA as % of GNI
