year,cname,ccode,ccodecow,ccodewb,ccodealp,oecd,eu27,region,proff_pca,proff1,proff1_lowCI,proff1_upCI,proff2,proff2_lowCI,proff2_upCI,proff3,proff3_lowCI,proff3_upCI,close_pca,close1,close2,close3,impar1,impar1_lowCI,impar1_upCI,impar2,impar2_lowCI,impar2_upCI
2020,Afghanistan,4,700,4,AFG,Not a member of OECD,Not a member of the European Union,8. South Asia,-1.5516742,.377414027686543,-.7713415746986884,1.57793915546496,-.1582673833118848,.7411515237180628,-1.099251605297445,-.8234633868663227,.2788460999555145,-1.953402292500064,.56248331,.5,.6666666666666666,1,.4502158023826788,-.6119113336393543,1.669000281001229,-.7848220524929421,-.094199930626682,-1.574222052306499
2020,Albania,8,339,8,ALB,Not a member of OECD,Not a member of the European Union,1. Eastern Europe and post Soviet Union,-1.8086119,.9331330637894423,.2522036813564834,1.78289585940582,-.4324249838012087,.164802061723684,-1.115705399137663,-.2226030692601864,.3336095999252907,-.7929045939352956,.85542929,.5714285714285714,.8666666666666667,.9333333333333333,.8125867512109913,.2367249115458905,1.527518103671885,-.1850177570502289,.3904395946866335,-.7816990010774195
2020,Angola,24,540,24,AGO,Not a member of OECD,Not a member of the European Union,4. Sub-Saharan Africa,,1.360116173173733,.1445145773636943,2.741690540569213,,,,,,,-1.3623242,.5,.5,.5,.5741547366827114,-.4028357159091489,1.633229722616266,-.1140320013851246,1.134502154941949,-1.299090110846168
2020,Argentina,32,160,32,ARG,Not a member of OECD,Not a member of the European Union,2. Latin America,-.72546864,.2160241392472519,-.5208043164042523,.9147999698855275,-.4482726842864303,.3617588478295409,-1.354775465195118,.497647721889354,1.419731537058117,-.3056220250723962,-.50190008,.375,.2222222222222222,1,.0656629609121342,-.5235555493694345,.6780020107667514,-.0475519738408699,.5637286103970404,-.6663441598558074
2020,Armenia,51,371,51,ARM,Not a member of OECD,Not a member of the European Union,1. Eastern Europe and post Soviet Union,-.43094268,.1910309178048228,-.5791825760805539,.9765209359723214,-.1125627155614104,.8096957136444812,-1.088971905256531,.5179896265554031,1.291695521408291,-.1804991934412969,.52869582,.1666666666666667,1,1,.3297422087996469,-.4568296045405862,1.185196610046718,-.4373844131662592,.5371921771433856,-1.435247811709971
2020,Australia,36,900,36,AUS,Member of OECD,Not a member of the European Union,5. Western Europe and North America,1.8986094,-.7218064803329849,-1.16234794256797,-.3172873314620092,1.179346521477008,1.749851447984069,.6813344164152627,1.342507802142007,2.010750732807241,.7909591001887831,-1.2620176,.2777777777777778,.2222222222222222,.8235294117647058,-.8218749781292372,-1.37040307142191,-.2941471140181295,1.109550714824861,1.696757849776842,.6219960915868513
2020,Austria,40,305,40,AUT,Member of OECD,Member of the European Union,5. Western Europe and North America,,.2767610804693596,-.9379663430172428,1.594697586436318,,,,,,,.26442423,.6,.75,.8,.0974333168475161,-.8278006901935079,1.024296075688665,.6996883326861013,1.74127561422744,-.2302901084628011
2020,Azerbaijan,31,373,31,AZE,Not a member of OECD,Not a member of the European Union,1. Eastern Europe and post Soviet Union,,.8277915580956732,-.1767957209339023,1.915456876292493,,,,,,,-.49079683,.75,1,.3333333333333333,,,,,,
2020,Bahamas,44,31,44,BHS,Not a member of OECD,Not a member of the European Union,10. The Caribbean,,,,,,,,.5823519514055704,1.57031947307385,-.2600454652888172,-.34407836,.6666666666666666,0,1,,,,,,
2020,Bangladesh,50,771,50,BGD,Not a member of OECD,Not a member of the European Union,8. South Asia,.22853422,-.035423683627058,-.5920353161279357,.5215634559018207,.2864521091757797,1.017910393651469,-.4113759590553271,.7525711933047077,1.521992339232918,.1449461589476242,2.152257,1,1,1,.345946216172374,-.2184162567353812,1.000623826756156,-.6936266920445288,-.0166821297415249,-1.454542037350179
2020,Belarus,112,370,112,BLR,Not a member of OECD,Not a member of the European Union,1. Eastern Europe and post Soviet Union,-1.2684795,.4620956130008227,-.252083985917347,1.289301989923186,-.2863073610008412,.306014221724793,-.9429753076107047,-.171026000427955,.6246156255442378,-1.019170182177896,.025677616,.7777777777777778,.6666666666666666,.6666666666666666,.7929099903201957,.0332398593581427,1.711641805579153,-.3485081910214757,.5113308089049857,-1.295189125589391
2020,Belgium,56,211,56,BEL,Member of OECD,Member of the European Union,5. Western Europe and North America,.57323188,-.0231104952335752,-.7579354213044392,.660731482099721,.2617526149745693,1.048016155048609,-.5342612742912097,1.291772935244857,2.504150461372331,.3191695200119705,1.3729476,.6,1,1,-.7779962340398935,-1.914125785595425,.2583881187860823,.8030043944801744,2.071688328245993,-.3727872127626298
2020,Benin,204,434,204,BEN,Not a member of OECD,Not a member of the European Union,4. Sub-Saharan Africa,,,,,,,,,,,,,0,1,,,,,,
2020,Bolivia,68,145,68,BOL,Not a member of OECD,Not a member of the European Union,2. Latin America,,,,,,,,,,,-.77264667,1,0,.6666666666666666,,,,,,
2020,Bosnia and Herzegovina,70,346,70,BIH,Not a member of OECD,Not a member of the European Union,1. Eastern Europe and post Soviet Union,-1.4766679,1.008186552428247,.0720202559706774,2.149360000699941,-.4677804618764703,.0646063648072742,-1.041096768754514,.3852376620867154,1.005431838415396,-.1670356704712909,.71055198,.4444444444444444,1,.8888888888888888,.6401542745286261,.0094886381758724,1.351455279064522,.2904451518715225,.9702394528684229,-.3731565499756573
2020,Botswana,72,571,72,BWA,Not a member of OECD,Not a member of the European Union,4. Sub-Saharan Africa,.089400597,-.2356307200492939,-1.278405718935973,.7932310350058417,.2586814440681648,1.302182732569016,-.7227420167401228,.3431745664146702,1.202537454491947,-.4996858792853437,-.71947175,0,.5,1,.17644093690352,-.6322706185245034,.962395618946385,.3529494087148975,1.438284744987034,-.7277395642239626
2020,Brazil,76,140,76,BRA,Not a member of OECD,Not a member of the European Union,2. Latin America,.53623956,-.0102318973486641,-.5382115161851552,.5494073578782177,.5100644957700992,1.146511320827734,-.0679375959552375,.9770056152233404,1.808582116862596,.3308253054757141,1.2369633,.625,.9,1,-.220804381073567,-.8149486871858374,.3327992321955729,.076488659999852,.6213507107154572,-.4664283145619245
2020,Bulgaria,100,355,100,BGR,Not a member of OECD,Member of the European Union,1. Eastern Europe and post Soviet Union,-.65396714,.0316727294075561,-.9123216308976612,.9782458192856403,-.5096680103566941,.442290232612554,-1.506782942468026,.4483830179010027,1.345482533267504,-.3688505589415005,1.3647435,.7142857142857143,.875,1,.660650835082381,-.1869840395401647,1.655118258787715,-.4106964138639565,.4342245702591608,-1.310512120999459
2020,Cambodia,116,811,116,KHM,Not a member of OECD,Not a member of the European Union,7. South-East Asia,,,,,,,,1.077889758942241,2.390225096665988,-.0530733452454643,.60499799,1,.6,.75,,,,,,
2020,Cameroon,120,471,120,CMR,Not a member of OECD,Not a member of the European Union,4. Sub-Saharan Africa,-1.8474506,.882070208788825,-.2792970049393896,2.11646571765168,-.5873846225230842,.4964819516694149,-1.740043607592735,-.1669726625902804,.5640965661927972,-.8829383865615321,.80873811,.5,.8,1,,,,-.522500834976399,.692445979111743,-1.700945679028032
2020,Canada,124,20,124,CAN,Member of OECD,Not a member of the European Union,5. Western Europe and North America,2.6900501,-1.271353620714699,-2.023858583229236,-.6472560592977386,1.378929681584641,2.208211424539171,.7135089930257575,1.602726213234419,2.644623545295479,.8455056662325287,.25466484,.5,.5,1,-.5670298656820639,-1.106295161688694,-.0899645723262084,1.370440880095849,2.239698398660831,.6344258797324909
2020,Chile,152,155,152,CHL,Member of OECD,Not a member of the European Union,2. Latin America,.49539524,.0779189678254639,-.7594042660413536,.9202933769804355,.8215639601872516,1.643364031263488,.1223818054332504,.6763849084193158,1.475225827045277,-.01036126157199,-.78375608,.125,.3333333333333333,1,-.7144447209050274,-1.87595713812283,.3912206413828962,.5094514386838883,1.237648152383852,-.1874655006241827
2020,China,156,710,156,CHN,Not a member of OECD,Not a member of the European Union,6. East Asia,-.14977063,-.0702325067825424,-.6687886217032278,.5061461419226553,.2834467033057336,1.004584348961319,-.4002712669681118,.1688691663061562,.7302970032458639,-.3598717617417724,1.4388109,.7692307692307693,.8571428571428571,1,.8797855268828897,.2735716181741137,1.58119478057115,-.5829813540653234,-.0178686123818823,-1.228761449494272
2020,Colombia,170,100,170,COL,Not a member of OECD,Not a member of the European Union,2. Latin America,-.44928929,.0912823582576991,-.7528488250572053,.9402666247855085,-.3179951229490633,.3655721078054734,-1.051782744297597,.6011273553082367,1.393680587228422,-.0842711951670641,-.047712386,.25,.6,1,.5739127514575798,-.2980343827854097,1.544567054127327,-.1094062556377,.552142814835488,-.7704622830783306
2020,Costa Rica,188,94,188,CRI,Not a member of OECD,Not a member of the European Union,2. Latin America,.10135482,.0374462560749405,-.7593501780765659,.8953890068318406,.1139838886383011,.8021220063353831,-.566544904295878,.8488048565566845,1.757867724747041,.0641702698228416,.39168033,.3333333333333333,.75,1,.0523279750760085,-.8004014074538318,.8946510851603758,.0987404535825521,.8046546138904486,-.5521480613822114
2020,Croatia,191,344,191,HRV,Not a member of OECD,Member of the European Union,1. Eastern Europe and post Soviet Union,-.10513197,.2336842538436058,-.3641865784533657,.8321336689715533,-.1251225764063383,.6060516695674217,-.7815619461143982,1.052766637251967,1.989392059283862,.2931087587324051,1.8739321,.8571428571428571,1,1,.3452258483851118,-.3856951555403471,1.103928560515729,-.1539969154035051,.5992968486712296,-.9357735121805495
2020,Cyprus (1975-),196,352,196,CYP,Not a member of OECD,Member of the European Union,3. North Africa & the Middle East,,,,,,,,,,,,,,,,,,,,
2020,Czech Republic,203,316,203,CZE,Member of OECD,Member of the European Union,1. Eastern Europe and post Soviet Union,1.0271108,-.4984607344944011,-1.329363135864255,.2791826680757784,.9687085226606726,1.743066468803968,.2381113443009577,.5885157827616615,1.30465540961759,-.0758948109155099,-.59532541,.1428571428571428,.6666666666666666,.8571428571428571,-.5027254538713002,-1.20545231853128,.1483141683840668,.1757458283118798,.9055089926519174,-.5280316999928244
2020,Denmark,208,390,208,DNK,Member of OECD,Member of the European Union,5. Western Europe and North America,1.6437023,-1.048835891311184,-1.782804610498464,-.4317796685358367,1.187926959664167,1.933906259030261,.5722087221971206,.5737876853952191,1.19312995682294,.0192313200626697,-2.0292461,.1538461538461539,.1538461538461539,.7,-.9374775244113225,-1.744269672544274,-.2650007707222792,1.026112828526164,1.807440951568475,.3987425827854694
2020,Ecuador,218,130,218,ECU,Not a member of OECD,Not a member of the European Union,2. Latin America,,,,,-1.001073645077258,.0129550215963972,-2.095831124372873,,,,,,.3333333333333333,1,.80322392981871,-.1479278202980638,1.879467833231843,,,
2020,Egypt,818,651,818,EGY,Not a member of OECD,Not a member of the European Union,3. North Africa & the Middle East,,,,,,,,,,,,,,1,,,,,,
2020,Eritrea,232,531,232,ERI,Not a member of OECD,Not a member of the European Union,4. Sub-Saharan Africa,-2.9260054,.9508834271174815,.0778476509858689,2.091048359540234,-.9530856974443079,-.0952208013155858,-1.93605263122359,-1.231644996322052,-.2561514365908622,-2.515772565528329,-1.4220711,.6666666666666666,0,.6666666666666666,1.152046110880139,.2966809451059869,2.326040244724104,,,
2020,Estonia,233,366,233,EST,Member of OECD,Member of the European Union,1. Eastern Europe and post Soviet Union,.87405467,-.5360539905617822,-1.131745552923417,.0224751390464473,.9527019148468552,1.584196721846755,.4002503538653395,.3406927827933863,.9516917727502222,-.2208124329997375,-1.3993931,.125,0,1,-.8424066800549211,-1.47732035920297,-.2773543483767957,1.427668701882567,2.379675778226297,.5963053093101968
2020,Ethiopia (1993-),231,530,231,ETH,Not a member of OECD,Not a member of the European Union,4. Sub-Saharan Africa,-1.8164747,.4303401251892761,-.3115608291932847,1.238825950991379,-.4011507277917502,.5843967766478471,-1.415981431165746,-.8709985506375222,-.066710374547899,-1.798378010478016,-.72637242,.75,.1428571428571428,.75,.44895779857608,-.5084516180122618,1.500088275077338,-.6739944689083048,.0876271938006341,-1.521603144054322
2020,Fiji,242,950,242,FJI,Not a member of OECD,Not a member of the European Union,9. The Pacific,,,,,,,,.4348070459869604,1.617579918473505,-.7238722293686475,-2.105283,0,.3333333333333333,.6666666666666666,,,,,,
2020,Finland,246,375,246,FIN,Member of OECD,Member of the European Union,5. Western Europe and North America,,-.9239490943930043,-1.851840588609071,-.1360890215320623,1.075642332757104,2.239246909127107,.0495941583943672,,,,-.39475957,.1666666666666667,.5,1,-.6579960699922275,-1.567501307338016,.1516405723526284,1.628313655740442,2.892282713982414,.5642217473439103
2020,France (1963-),250,220,250,FRA,Member of OECD,Member of the European Union,5. Western Europe and North America,2.1404829,-.6330152897420732,-1.323626434565924,-.0287897603974666,1.005976880502397,1.797564091869096,.3360539237085654,1.990840302587887,3.198838193766194,1.034576106214669,1.1781203,.5,1,1,-.748965967798073,-1.335678905905632,-.2115644548506206,1.08491331892844,1.851190789924845,.4444881872547578
2020,Georgia,268,372,268,GEO,Not a member of OECD,Not a member of the European Union,1. Eastern Europe and post Soviet Union,,,,,,,,-.8779373620278914,.1614250888832917,-1.994580784033017,.44668657,.625,.6666666666666666,.8888888888888888,,,,,,
2020,Germany,276,255,276,DEU,Member of OECD,Member of the European Union,5. Western Europe and North America,1.5878321,-.4448108665411277,-.8541474843193195,-.0444883963680394,.7009946148102336,1.125161429079962,.3229296497810156,1.759602338092984,2.61524642835488,1.074423034889339,.80681765,.5882352941176471,.7058823529411765,1,-1.386183191867129,-1.938061870147158,-.9090616935321661,1.3701552102387,1.975294112623115,.8324726689741928
2020,Ghana,288,452,288,GHA,Not a member of OECD,Not a member of the European Union,4. Sub-Saharan Africa,-1.0078368,.5466749556188305,-.1584457321405125,1.329852252335333,-.3221755326685468,.5197115522294743,-1.182767112441732,.3460076574946354,1.124286880783767,-.4028587659597012,-.17002474,.6666666666666666,.4444444444444444,.8,.4174823236148106,-.2479051804365152,1.150742445909066,-.4231702678069194,.295514276593723,-1.187409319465571
2020,Greece,300,350,300,GRC,Member of OECD,Member of the European Union,5. Western Europe and North America,-.22806561,.4281646471915924,-.0956450490684975,.9817774689776203,-.0410106851109115,.4641397402857393,-.5463160288964224,1.014689755092927,1.728715192343268,.3864324642896506,.43935591,.5,.6,1,.2903094346347407,-.2094588196201428,.8072020591880976,.2968858906400909,.790930854824023,-.1762003235422425
2020,Guatemala,320,90,320,GTM,Not a member of OECD,Not a member of the European Union,2. Latin America,,,,,,,,,,,,.3333333333333333,,.6666666666666666,,,,,,
2020,Guinea,324,438,324,GIN,Not a member of OECD,Not a member of the European Union,4. Sub-Saharan Africa,,,,,,,,,,,,.6666666666666666,.3333333333333333,,,,,,,
2020,Guyana,328,110,328,GUY,Not a member of OECD,Not a member of the European Union,10. The Caribbean,,,,,-.0374308717984075,.7722628177689785,-.8347569186520898,.5146852559143772,1.301535749250565,-.2058041137466213,-2.0714955,.3333333333333333,0,.6666666666666666,.262595920829351,-.3984727429024825,.9505389503470264,.1580102792489845,1.066451396814222,-.7742156452036583
2020,Hong Kong,,,,,Not a member of OECD,Not a member of the European Union,6. East Asia,2.9709611,-1.024044829553194,-2.030856992412597,-.1612387459493837,1.849576839939957,2.9801151755564,.909943596000086,1.77912140503407,3.016635658763962,.8278903853684048,1.1781203,.5,1,1,-1.925210026031578,-3.15329053317186,-.8760132014864056,.9556377814717638,1.834602123064448,.2390946106871172
2020,Hungary,348,310,348,HUN,Member of OECD,Member of the European Union,1. Eastern Europe and post Soviet Union,-2.1080611,.7732754382831122,.1314571035855325,1.477332119931839,-.4345640680394893,.0182312440002696,-.9039947257942132,-.8433627710618908,-.354545437856572,-1.387789139402217,-.21973316,.375,.375,1,.2292187433679077,-.5782458947053489,1.052392703317623,-.0824360752929879,.4255088248553945,-.5979613703334267
2020,Iceland,352,395,352,ISL,Member of OECD,Not a member of the European Union,5. Western Europe and North America,1.6512886,-.781208433262623,-1.694757534218639,.0063867619075928,.9864830617379026,1.945453608098276,.1674202975730072,1.129865652653756,2.244924938553144,.2062952809181542,-1.2532725,.2,0,1,-.6804817407615448,-1.64460163404089,.1853981020078455,1.441947573655863,2.626110995932929,.472090673769564
2020,India,356,750,356,IND,Not a member of OECD,Not a member of the European Union,8. South Asia,1.1138437,-.6052907468222295,-1.225668595081964,-.0697258407938688,.5348108598651922,1.210733099645103,-.0670356492733261,1.069389524368563,1.873464823517471,.3942819250734508,1.9150579,.9375,.9375,1,.4195330237306553,-.1008965094217177,.9620593589112095,-.3640692113705587,.3222550449697382,-1.067282012620935
2020,Indonesia,360,850,360,IDN,Not a member of OECD,Not a member of the European Union,7. South-East Asia,.7455346,-.4323499645244441,-.9766216963533472,.0962800781263046,.6333336816850497,1.217406259466251,.0883040620751648,.6357146573015574,1.231124610494934,.1043073793062002,1.2998873,.5625,1,1,-.4992169983310003,-1.033556512788064,-.0332477056635504,.1621095347237962,.771117095347737,-.4333420522913189
2020,Iraq,368,645,368,IRQ,Not a member of OECD,Not a member of the European Union,3. North Africa & the Middle East,-2.0411716,.7470101492578602,.025889430815897,1.661313383844404,-1.298142428939159,-.4934497050910409,-2.253580451142274,.1844839849894014,1.476849807770033,-1.096878429821719,.30534604,1,0,1,1.098638995223777,.1746151886331469,2.2233166430848,-.8200361335558721,-.2142963656232373,-1.522583413828338
2020,Ireland,372,205,372,IRL,Member of OECD,Member of the European Union,5. Western Europe and North America,2.0805693,-1.081793392013747,-2.318215958810464,-.1009001208394215,.6802881206599385,1.592546659943795,-.1908869341791142,1.730110060820168,2.971366618414665,.7140217423177643,-.21485624,.2,1,.75,-.4177836101916579,-1.486110804514818,.558089430479096,.715844390497391,1.687366695644736,-.0989238972139671
2020,Israel,376,666,376,ISR,Member of OECD,Not a member of the European Union,3. North Africa & the Middle East,.51509482,-.2972885440517116,-.9873756434775338,.3417219252232728,.3469196434192262,1.020680487935276,-.2850076336548922,.7846225328651498,1.603755376441601,.0761444724951995,.44668657,.625,.6666666666666666,.8888888888888888,-.2270968107032744,-.9694724840823674,.5108478617246047,,,
2020,Italy,380,325,380,ITA,Member of OECD,Member of the European Union,5. Western Europe and North America,.69027287,.270327607889166,-.2536994507121568,.8139672534442748,.3788014008599969,.9953205167119313,-.2396581535979501,1.681439066301133,2.761568184992613,.8995297194033243,1.5642608,1,1,.8181818181818182,.2661174238304457,-.4363795804686232,1.015036298061542,.2220187189906219,.8678515426627194,-.4510558354808764
2020,Jamaica,388,51,388,JAM,Not a member of OECD,Not a member of the European Union,10. The Caribbean,-.43348098,.2831301757112916,-.6001638478499646,1.276024920499019,.1538599818454916,1.239666559446995,-.8841477428947543,.327579594351095,1.418399549836588,-.6683038902542361,-2.1572092,.4,0,.6,,,,,,
2020,Japan,392,740,392,JPN,Member of OECD,Not a member of the European Union,6. East Asia,1.8136239,-.6656775966955736,-1.292903181512695,-.0767672832852952,1.458911194046068,2.395045678243031,.5902382395627425,.9755076211702161,1.723503906742748,.3170773250791782,2.152257,1,1,1,-1.056302900840149,-1.855602679126943,-.3919017737687593,1.069562650897499,1.893865675038766,.3904576434578895
2020,Jordan,400,663,400,JOR,Not a member of OECD,Not a member of the European Union,3. North Africa & the Middle East,,.268200017916477,-.5444415600774473,1.056389264907295,-.3840532583904185,.6776757487577932,-1.434452634531427,,,,1.3008745,.8,.75,1,.306856216904017,-.9131224832354223,1.681317879004184,-.303878134994353,.6605766126221729,-1.30142387180224
2020,Kazakhstan,398,705,398,KAZ,Not a member of OECD,Not a member of the European Union,1. Eastern Europe and post Soviet Union,-.31614223,.103261116106294,-.4371469071232444,.6732754359593445,.1360140614053567,.7844853102195695,-.5026034906709888,.3012052217579985,1.009920125517969,-.3376927715752343,-.20402886,.4545454545454545,1,.6,.0779242088854606,-.5553006995585198,.6970287764218123,-.139434232762757,.3779895267037993,-.6606405313988699
2020,Kenya,404,501,404,KEN,Not a member of OECD,Not a member of the European Union,4. Sub-Saharan Africa,-.14045808,.9171412153513244,.0227123567985585,1.93050952483319,.3796673727947571,1.234666510107576,-.401159015066707,1.257577266969129,2.215981042636447,.4575431080738476,.059837516,.4,.5,1,.6185108635500837,-.1146069359529536,1.47961900675358,-.3792109025074786,.3497240963977757,-1.145517744109135
2020,"Korea, South",410,732,410,KOR,Member of OECD,Not a member of the European Union,6. East Asia,2.3985488,-.7018871756239978,-1.231856712132456,-.2072027297892316,1.423124947875231,2.055004989125982,.8412451817385831,1.815266323861128,2.792476488557051,1.038583994951039,1.5956074,.7142857142857143,1,1,-.7222254805339242,-1.301201529795786,-.1861958178424684,.745439937716015,1.270237907984197,.2656953661019564
2020,Kyrgyzstan,417,703,417,KGZ,Not a member of OECD,Not a member of the European Union,1. Eastern Europe and post Soviet Union,-1.7833627,.5083456975002101,-.1220652556176057,1.155238300214464,-.5179886813319644,.0791700833452181,-1.151143774546072,-.5995654187647476,.1128938302665344,-1.394930666486607,.25466484,.5,.5,1,.2336098445696832,-.3240480745440302,.8221802692763335,-.8759223477008174,-.1426973559732881,-1.703006869625258
2020,Latvia,428,367,428,LVA,Not a member of OECD,Member of the European Union,1. Eastern Europe and post Soviet Union,,-.4863302975854212,-1.673497128790888,.5939209002638509,,,,.5068323508519835,1.475109420470503,-.3522408957507121,-.29474449,.2857142857142857,.4285714285714285,1,-.3919241725136344,-1.374970746373489,.5970493098389429,.4161794044970442,1.669361257552396,-.8346398139075079
2020,Lebanon,422,660,422,LBN,Not a member of OECD,Not a member of the European Union,3. North Africa & the Middle East,-1.1946003,.892349610428914,.0550653830483626,1.9020940462794,-.6483405801336724,.2378204083471326,-1.601976127117366,.8544501875751114,1.843947494553846,-.0454237505620179,1.6651886,.75,1,1,,,,-.5464407959842951,.3099389421835212,-1.494298102579905
2020,Lesotho,426,570,426,LSO,Not a member of OECD,Not a member of the European Union,4. Sub-Saharan Africa,-.17429183,.2495814175000383,-.4274653495705642,.9693470489528901,-.0555129136434566,.627244729144578,-.7311476174746874,.894492225332581,1.828514767556151,.0548996416745182,-.47396326,.6,0,1,.1021303569226948,-.6817713869839399,.8928296431822601,-.3565101674415865,.2880086737690726,-1.037789504765389
2020,Lithuania,440,368,440,LTU,Not a member of OECD,Member of the European Union,1. Eastern Europe and post Soviet Union,,-.3635644245409862,-1.380370727736745,.6654440667587833,,,,,,,.28680468,.25,1,.875,,,,.8615012201495252,1.888888597477601,.0026903352113229
2020,Malawi,454,553,454,MWI,Not a member of OECD,Not a member of the European Union,4. Sub-Saharan Africa,,,,,,,,,,,.37704226,.8,.6,.8,,,,,,
2020,Malaysia (1966-),458,820,458,MYS,Not a member of OECD,Not a member of the European Union,7. South-East Asia,,,,,,,,,,,.22932424,.25,.75,1,,,,,,
2020,Mali,466,432,466,MLI,Not a member of OECD,Not a member of the European Union,4. Sub-Saharan Africa,,,,,,,,,,,,1,.6666666666666666,,,,,,,
2020,Malta,470,338,470,MLT,Not a member of OECD,Member of the European Union,5. Western Europe and North America,,.0895639950926691,-.8419190394810923,1.057485575384456,,,,1.477443899128884,2.861258730077918,.2120526062038656,.71639258,.5,.75,1,,,,-.2316441227054032,.932399570295023,-1.446767391386775
2020,Mexico,484,70,484,MEX,Member of OECD,Not a member of the European Union,2. Latin America,-2.0473251,1.278529961916209,.6376681642582364,2.039363453015057,-.30222031383352,.1770125973185045,-.8052193595252459,-.2982289053492237,.1453849071188418,-.7664351826143495,-.83904183,.2941176470588235,.125,1,.5490764128362832,.0427423782160536,1.096015989354542,-.2343395613573099,.2582297717355048,-.7360636412979651
2020,Moldova,498,359,498,MDA,Not a member of OECD,Not a member of the European Union,1. Eastern Europe and post Soviet Union,,,,,,,,,,,.86976612,.7142857142857143,.8571428571428571,.8571428571428571,,,,,,
2020,Montenegro,499,341,,MNE,Not a member of OECD,Not a member of the European Union,1. Eastern Europe and post Soviet Union,-.46157551,.4916603279568513,-.4463605732493524,1.503734117911929,.10044577089587,1.225760614245955,-1.044806327386927,.596389138953299,1.527957442690235,-.1941855408056467,.61391079,.4,.8,1,-.1774771043872627,-1.092531960391445,.735512753637095,-.171384029999306,.7056077836275257,-1.090850403142223
2020,Morocco,504,600,504,MAR,Not a member of OECD,Not a member of the European Union,3. North Africa & the Middle East,,,,,,,,,,,.23777111,.3333333333333333,.6666666666666666,1,,,,,,
2020,Mozambique,508,541,508,MOZ,Not a member of OECD,Not a member of the European Union,4. Sub-Saharan Africa,,,,,,,,,,,,,,1,,,,,,
2020,Nepal,524,790,524,NPL,Not a member of OECD,Not a member of the European Union,8. South Asia,,.2330859652873611,-.7259098716858299,1.252397970202052,,,,,,,2.152257,1,1,1,,,,,,
2020,Netherlands,528,210,528,NLD,Member of OECD,Member of the European Union,5. Western Europe and North America,2.3710914,-.8337523084964054,-1.457406866169366,-.2998591674270335,1.805596190330323,2.825044407757741,1.033496006831218,1.191300602289839,1.909337551399872,.5713160378877021,-2.201968,.3333333333333333,.1538461538461539,.5384615384615384,-1.32829411842817,-2.116960964495375,-.6878793729588936,1.216485701214295,1.979890514091341,.5717125368074811
2020,New Zealand,554,920,554,NZL,Member of OECD,Not a member of the European Union,5. Western Europe and North America,2.7978055,-1.257470538729436,-2.053163915366414,-.6448201995296557,1.213826938260013,1.849702601775608,.697159056781728,1.958780607616105,3.084207973881616,1.080441159653358,-3.5372257,.0769230769230769,.1666666666666667,.2727272727272727,-1.464390346506864,-2.296829341726232,-.7770472916526689,1.278058574581162,2.067269707623578,.6698530797584762
2020,Nigeria,566,475,566,NGA,Not a member of OECD,Not a member of the European Union,4. Sub-Saharan Africa,-.76311594,.3448918792505398,-.1189068166446691,.8416260682569706,-.3217492700240386,.1400729643977952,-.8158540002974075,.4566475186923388,.9881156942367396,-.0154657315741953,.64006907,.7894736842105263,.7368421052631579,.8095238095238095,.0541297746620109,-.4646588967697547,.6286441876041348,-.0215883406411784,.5015862985246164,-.5162468938509938
2020,North Macedonia,807,343,807,MKD,Not a member of OECD,Not a member of the European Union,1. Eastern Europe and post Soviet Union,-1.4931015,.4498483814900028,-.3425333597678972,1.314281431879587,-.564709335891285,.2075284395040564,-1.400148019611168,-.199094781176012,.6379518826280136,-1.068750530727082,.023531819,.5,.625,.8571428571428571,,,,-.4008653103867556,.3624870829413592,-1.207060028453782
2020,Norway,578,385,578,NOR,Member of OECD,Not a member of the European Union,5. Western Europe and North America,4.4243593,-2.422411183070814,-3.474822751608733,-1.516855234574008,1.898574922743392,2.946586849610418,1.101229729610934,2.144892929040626,3.257762845052713,1.271203229890687,-1.371348,.2307692307692308,.3076923076923077,.7692307692307693,-1.748662367697657,-2.622683125196483,-1.041613644240916,.7839422174129544,1.535400842303287,.0904838987244272
2020,Pakistan (1971-),586,770,586,PAK,Not a member of OECD,Not a member of the European Union,8. South Asia,,,,,-.0546839681464427,1.32441350685888,-1.438983673202575,.8432349729654587,2.226401343832474,-.4620934213243651,1.5028324,.6666666666666666,1,1,1.039143626828222,.1011013681021683,2.143436849686888,-.4583136266458925,.6176766334169517,-1.555072157950706
2020,Paraguay,600,150,600,PRY,Not a member of OECD,Not a member of the European Union,2. Latin America,-.77523088,.2686940226102869,-.5117487974192841,1.069579786375033,-.474473673117299,.297471648563307,-1.290022842736658,.5182065339257859,1.39333627422948,-.2885539763829784,-.49423572,.4,.2,1,.0180093677279878,-.8617311074470445,.8441292505630108,,,
2020,Peru,604,135,604,PER,Not a member of OECD,Not a member of the European Union,2. Latin America,-1.040779,.2533801017401112,-.2481564746834991,.7866270952836375,-.0654520613354296,.5489311195832832,-.6644599877200458,-.3390007030729338,.2803733229138379,-1.00829194257841,-1.4997342,.0909090909090909,.3,.8181818181818182,.0754204789468482,-.4235647236922732,.6068987796815375,-.0756466862549443,.4088007636999193,-.5653716091825877
2020,Philippines,608,840,608,PHL,Not a member of OECD,Not a member of the European Union,7. South-East Asia,-.16421673,-.1568854484435769,-.8586147213940323,.5424514222924913,.1045529092964248,.7816711626107558,-.5745914545795137,.2437241801853516,.9123713939395066,-.3997781835656194,.42720753,.25,.8571428571428571,1,-.2381147179957398,-.8230790710070909,.3189054994552736,.2814202040744336,1.046410900165681,-.4891902237876341
2020,Poland,616,290,616,POL,Member of OECD,Member of the European Union,1. Eastern Europe and post Soviet Union,-2.3641744,1.339614859763657,.2082213402045431,2.573770320210317,-.5668025897717024,.10277655882721,-1.297307654004651,-.3868315947466217,.4333071266182065,-1.237883692935095,-.40672433,.625,.6666666666666666,.625,.3156038863009795,-.4629135233901013,1.134836971785145,.4130356786311479,1.438364312599238,-.5374379622456509
2020,Portugal,620,235,620,PRT,Member of OECD,Member of the European Union,5. Western Europe and North America,.12859578,.1543209289284141,-.4773541360657049,.8294245563867984,-.3420246794902734,.3739793190939572,-1.048095395196621,1.536497503644472,2.788965346247641,.471910162475647,.57937706,.6666666666666666,.5,1,.248009155889055,-.3393207119672018,.849454019516974,.7689307003909071,1.532508148179518,.1025211135314529
2020,Romania,642,360,642,ROU,Not a member of OECD,Member of the European Union,1. Eastern Europe and post Soviet Union,-.42483217,.1514068375800268,-.4010697453710665,.7576055832712315,-.1424436408349146,.3832833323341067,-.6694653682767675,.512657942175279,1.262075651449246,-.1778031734783856,1.1419492,.6,1,.9285714285714286,.5726028222355222,-.0242877184762137,1.266178373381711,-.35976994687468,.2056417528951109,-.947385604871402
2020,Russia,643,365,643,RUS,Not a member of OECD,Not a member of the European Union,1. Eastern Europe and post Soviet Union,-1.2122962,.5791632344131035,.1181903471214637,1.06461581897064,-.435960358263888,.0249793361518397,-.9465464477912318,.2170389926702151,.8544145002766973,-.3918593122010137,-.87198496,.5,.1818181818181818,.8333333333333334,.1710175723340948,-.3074128177234834,.6532791134315379,-.2584792687906717,.2247699300051182,-.7587471309719991
2020,Rwanda,646,517,646,RWA,Not a member of OECD,Not a member of the European Union,4. Sub-Saharan Africa,-.44594494,.1784157671724476,-.7843648838681867,1.126442699277448,.4931106905419221,1.357324705506078,-.3738119416356237,-.1940630998584039,.4238772143845253,-.8416063694873095,.25466484,.5,.5,1,-.1691837430411568,-1.218078934852663,.846613257614209,,,
2020,Saudi Arabia,682,670,682,SAU,Not a member of OECD,Not a member of the European Union,3. North Africa & the Middle East,-.46262339,.4243097654526318,-.4248618649939295,1.296756433326031,-.015962601381083,.8271724326509718,-.7969574991317344,.6440069758464086,1.500765480640247,-.0898348168805657,.30534604,1,0,1,,,,-.0293185752543735,.7897550361265535,-.785493287780866
2020,Serbia,688,,,SRB,Not a member of OECD,Not a member of the European Union,1. Eastern Europe and post Soviet Union,-1.0754291,.5049270097922113,-.2633682104507599,1.434371153203739,-.2734671716711612,.5311025448155934,-1.116759188871422,.1442567042397356,.8756064531078419,-.5647384100392286,.63418323,.6,.6,1,.4387792941236597,-.182751753684732,1.152277604570058,-.4606608122383531,.2105952307826467,-1.1996691971148
2020,Singapore,702,830,702,SGP,Not a member of OECD,Not a member of the European Union,7. South-East Asia,2.9929512,-1.434005325954902,-2.40630384715064,-.6554176539988562,1.695107255211573,2.942196001440646,.7258143984138151,1.49204792044429,2.532992523852424,.6652692691282454,-1.4389648,.5,.1666666666666667,.6666666666666666,-1.232881312776604,-2.140055819312207,-.4881658447667291,.9210739943638429,1.926482100839194,.0895628438051373
2020,Slovakia,703,317,703,SVK,Member of OECD,Member of the European Union,1. Eastern Europe and post Soviet Union,-1.0203567,.1567299638835712,-.5507977664217812,.9047845255060536,-.4216283871460141,.3118527338291781,-1.181559266814631,-.028185736607537,.7479326449481387,-.7737572544247435,.074914411,.4,.8,.8333333333333334,.0552446567406535,-.7736336866549067,.8734267514026638,-.0682304894885532,.6572987146953415,-.7826239205739
2020,Slovenia,705,349,705,SVN,Member of OECD,Member of the European Union,1. Eastern Europe and post Soviet Union,1.1347494,-.2851119157487565,-.868705146342108,.2795612197286489,.715152228964466,1.477805329166769,.0359456821744267,1.281924337711609,2.242256490777483,.5132375296630176,-.57072341,.3333333333333333,.6666666666666666,.75,-.3913882122426735,-1.117465311310371,.2741763452887455,1.088082991208384,2.123022665905804,.2005544679795568
2020,South Africa,710,560,710,ZAF,Not a member of OECD,Not a member of the European Union,4. Sub-Saharan Africa,-.90198952,.1488556799962738,-.3486529499615618,.6749463969583881,-.3335132433205805,.1152895808802383,-.8354955939214701,.0347739390809292,.6314102448450705,-.5472373307109897,-1.4921317,.1333333333333333,.25,.8235294117647058,.36479002956682,-.1464481460462405,.9021533047681498,-.3689318498151802,.1863429524594969,-.9853284026641457
2020,Spain,724,230,724,ESP,Member of OECD,Member of the European Union,5. Western Europe and North America,.5717485,-.3251662762684657,-.7808326297338775,.0981887314953434,-.1520316608838792,.2301729373723044,-.5333489902600399,1.389228373393472,2.254797450386107,.7461906401647965,1.1882565,.6,.9,1,-.0915588311352787,-.4882238792473101,.3099468451204096,.315316232217706,.8214786033056247,-.1680678498884728
2020,Sri Lanka,144,780,144,LKA,Not a member of OECD,Not a member of the European Union,8. South Asia,,,,,,,,,,,1.5028324,.6666666666666666,1,1,,,,,,
2020,Sudan (2012-),729,625,736,SDN,Not a member of OECD,Not a member of the European Union,4. Sub-Saharan Africa,,,,,,,,,,,,,.3333333333333333,.75,,,,,,
2020,Sweden,752,380,752,SWE,Member of OECD,Member of the European Union,5. Western Europe and North America,2.1586981,-.4799604482341757,-1.028329248749541,.0060616510094804,1.542721951352878,2.56185001447516,.664818389328492,1.601949202197192,2.659790646017796,.7263021526307863,-2.0120034,.0909090909090909,.1818181818181818,.7272727272727273,-1.4109390380791,-2.278436431125169,-.6796178256032506,1.276035675351866,2.178449300861272,.5123120969662247
2020,Switzerland,756,225,756,CHE,Member of OECD,Not a member of the European Union,5. Western Europe and North America,1.9092776,-.6673790186227161,-1.438882760553219,.0593524324727457,1.045700976162064,2.012575347871592,.2279464754221612,1.572086914737956,2.751521109913539,.6221460703386084,-3.2139318,0,.2,.4,-1.178694875357337,-2.002059998663642,-.5488056954193425,1.251915494417694,2.219768814330935,.4725506607928402
2020,Syria,760,652,760,SYR,Not a member of OECD,Not a member of the European Union,3. North Africa & the Middle East,,,,,,,,,,,,,,,,,,,,
2020,Taiwan,158,713,158,TWN,Not a member of OECD,Not a member of the European Union,6. East Asia,1.7460815,-.8030332590067124,-1.626245848841073,-.0469723237210077,1.142176031939156,1.976111079225204,.4088261874587079,1.066784008017564,1.916341695103999,.3786519756877723,1.2666781,.5454545454545454,1,1,-.6353475590042847,-1.268090808130403,-.0481949798640414,.4469589742656933,1.087356248040159,-.1520376838005125
2020,Tanzania,834,510,834,TZA,Not a member of OECD,Not a member of the European Union,4. Sub-Saharan Africa,-.5528186,.018142790202409,-.6531642698840908,.6954174110122977,.228628272501036,.9512162569209242,-.4316755006226558,-.2451952688926747,.3447880129242584,-.8436103409991158,-.62083465,.75,.2,.75,.8687563943614072,.1644669880068787,1.68220588937253,-.1555232085257824,.4823306049783768,-.807200991261001
2020,Thailand,764,800,764,THA,Not a member of OECD,Not a member of the European Union,7. South-East Asia,,,,,,,,,,,.85340804,.3333333333333333,1,1,,,,,,
2020,Togo,768,461,768,TGO,Not a member of OECD,Not a member of the European Union,4. Sub-Saharan Africa,,,,,,,,,,,,.6666666666666666,.6666666666666666,,,,,,,
2020,Tunisia,788,616,788,TUN,Not a member of OECD,Not a member of the European Union,3. North Africa & the Middle East,,-.3376167268407679,-1.308502247557119,.6265590183017203,,,,1.374716615167453,2.547366410723653,.3484700580513052,.43391466,.75,.3333333333333333,1,,,,,,
2020,Turkey,792,640,792,TUR,Member of OECD,Not a member of the European Union,3. North Africa & the Middle East,-1.7856474,.4987967489689538,-.0901135471802845,1.156647068214532,-.4475140677184917,-.0562919164785578,-.8619868976638623,-.6928737046205605,-.260014399736359,-1.161374850799942,1.1360855,.6875,.8888888888888888,.9375,.6711299949410761,.1922818241376108,1.211841341813598,-1.097357132345882,-.5679278765262947,-1.723892539567958
2020,Uganda,800,500,800,UGA,Not a member of OECD,Not a member of the European Union,4. Sub-Saharan Africa,.17995556,-.1360571657096975,-1.078249150080251,.8092477950504757,.1654172969645562,.955283476987657,-.6074383776915522,.6969646049554615,1.405214468086429,.0911336433230856,1.0035654,.6,.8,1,-.5407456426559584,-1.560279906676285,.3739498831621861,-.4898887286328359,.287077504356189,-1.370975623007733
2020,Ukraine,804,369,804,UKR,Not a member of OECD,Not a member of the European Union,1. Eastern Europe and post Soviet Union,-1.833789,.5150712674658323,-.124447088756817,1.225529021931287,-.6951302167721755,.0537087202139301,-1.526321058477225,-.4666944658043494,.1805890593836331,-1.169999781072322,-.93334812,.4,.4,.75,.5473956642356927,-.1814500041428261,1.325353617212141,-.6005950658828669,.0050710683780054,-1.249259227717286
2020,United Arab Emirates,784,696,784,ARE,Not a member of OECD,Not a member of the European Union,3. North Africa & the Middle East,,,,,,,,,,,-.53478068,0,.6,1,,,,,,
2020,United Kingdom,826,200,826,GBR,Member of OECD,Not a member of the European Union,5. Western Europe and North America,2.1711371,-.8316058408641533,-1.565802955767584,-.2063336401635515,1.328982112136225,2.259426498217826,.5997964799135932,1.437035721187873,2.41323487158538,.5452238623221177,-1.6727819,.2222222222222222,.75,.4285714285714285,-.6427475546177509,-1.388843997035508,.0523219242810785,1.3613944956593,2.579332553771553,.2902167885870448
2020,United States,840,2,840,USA,Member of OECD,Not a member of the European Union,5. Western Europe and North America,.73886782,-.3527458231046991,-.7213651433159758,-.0134507113529717,.5636281716927979,.9127989057861439,.2154877096877322,.7991654979611741,1.17282624498785,.4492492912662564,-.2860128,.2352941176470588,.4864864864864865,1,-.5045113654730092,-.8491608578366079,-.1598470048198005,.6194776112637609,.9837794003481465,.2856147589208306
2020,Uruguay,858,165,858,URY,Not a member of OECD,Not a member of the European Union,2. Latin America,,,,,.4266065032981241,1.474548357966063,-.5770730104066182,,,,-.19458376,.4,.8,.75,,,,.5608151900221714,1.688379187334423,-.4813880984983456
2020,Uzbekistan,860,704,860,UZB,Not a member of OECD,Not a member of the European Union,1. Eastern Europe and post Soviet Union,-2.009167,.8006305131451661,-.4436951803395145,2.202633895656714,-.5902903628268883,.1379995820613802,-1.414874288711969,-.4944020673344005,.3292815744423154,-1.404802171508625,-2.0697973,.5714285714285714,.1666666666666667,.4285714285714285,1.468904156974789,.4733555219985717,2.699515191617466,-.8309454870459231,-.0598567207726035,-1.720921743584574
2020,Venezuela,862,101,862,VEN,Not a member of OECD,Not a member of the European Union,2. Latin America,-4.2991085,1.967889119620731,1.021606817634746,3.12075289270919,-1.70625152134904,-.8118695614367292,-2.852203959570203,-1.153279308622851,-.5716283376049193,-1.881610904986105,-.77593267,.5833333333333334,0,.9166666666666666,1.620588657770949,.9091750762769117,2.528379363317997,-1.326966416080725,-.6668726150675984,-2.117068467147465
2020,Vietnam,704,816,704,VNM,Not a member of OECD,Not a member of the European Union,7. South-East Asia,-.34378007,.3329797561162138,-.4798958077124959,1.149707259089532,-.2764680625075007,.6767762456892558,-1.285953453086284,.9964055973931863,2.144149086660501,.0039104422231122,1.6905291,1,.75,1,.0003202722178466,-.7973030779484466,.7567994543859999,,,
2020,Zambia,894,551,894,ZMB,Not a member of OECD,Not a member of the European Union,4. Sub-Saharan Africa,-1.0763475,.4982300294814843,-.1225223830557032,1.220095288971787,-.2406917105116166,.356852020472323,-.848249713195781,.0983678015961752,.8349327785915295,-.6749880417426257,-2.7982643,.4444444444444444,0,.375,.8012120476329718,.1577359456730651,1.555914613353733,.1019625413429935,.7016552566146579,-.5655540716014422
2020,Zimbabwe,716,552,716,ZWE,Not a member of OECD,Not a member of the European Union,4. Sub-Saharan Africa,,,,,,,,.1196560427493724,1.668425019158241,-1.426963503219818,.65445572,.8,.4,1,,,,,,
